1;01067
2;01069
3;01097
4;01099
5;01108
6;01109
7;01127
8;01129
9;01139
10;01156
11;01157
12;01159
13;01169
14;01187
15;01189
16;01217
17;01219
18;01237
19;01239
20;01257
21;01259
22;01277
23;01279
24;01307
25;01309
26;01324
27;01326
28;01328
29;01445
30;01454
31;01458
32;01465
33;01468
34;01471
35;01477
36;01558
37;01561
38;01587
39;01589
40;01591
41;01594
42;01609
43;01612
44;01616
45;01619
46;01623
47;01640
48;01662
49;01665
50;01683
51;01689
52;01705
53;01723
54;01728
55;01731
56;01734
57;01737
58;01738
59;01744
60;01762
61;01768
62;01773
63;01774
64;01776
65;01778
66;01796
67;01809
68;01814
69;01816
70;01819
71;01824
72;01825
73;01829
74;01833
75;01844
76;01847
77;01848
78;01855
79;01877
80;01896
81;01900
82;01904
83;01906
84;01909
85;01917
86;01920
87;01936
88;01945
89;01968
90;01979
91;01983
92;01987
93;01990
94;01993
95;01994
96;01996
97;01998
98;02625
99;02627
100;02633
101;02681
102;02689
103;02692
104;02694
105;02699
106;02708
107;02727
108;02730
109;02733
110;02736
111;02739
112;02742
113;02747
114;02748
115;02763
116;02779
117;02782
118;02785
119;02788
120;02791
121;02794
122;02796
123;02797
124;02799
125;02826
126;02827
127;02828
128;02829
129;02894
130;02899
131;02906
132;02923
133;02929
134;02943
135;02953
136;02956
137;02957
138;02959
139;02977
140;02979
141;02991
142;02994
143;02997
144;02999
145;03042
146;03044
147;03046
148;03048
149;03050
150;03051
151;03052
152;03053
153;03054
154;03055
155;03058
156;03096
157;03099
158;03103
159;03116
160;03119
161;03130
162;03139
163;03149
164;03159
165;03172
166;03185
167;03197
168;03202
169;03205
170;03222
171;03226
172;03229
173;03238
174;03246
175;03249
176;03253
177;04103
178;04105
179;04107
180;04109
181;04129
182;04155
183;04157
184;04158
185;04159
186;04177
187;04178
188;04179
189;04205
190;04207
191;04209
192;04229
193;04249
194;04275
195;04277
196;04279
197;04288
198;04289
199;04299
200;04315
201;04316
202;04317
203;04318
204;04319
205;04328
206;04329
207;04347
208;04349
209;04356
210;04357
211;04416
212;04420
213;04425
214;04435
215;04442
216;04451
217;04460
218;04463
219;04509
220;04519
221;04523
222;04539
223;04552
224;04564
225;04565
226;04567
227;04571
228;04574
229;04575
230;04579
231;04600
232;04603
233;04610
234;04613
235;04617
236;04618
237;04626
238;04639
239;04643
240;04651
241;04654
242;04655
243;04657
244;04668
245;04680
246;04683
247;04685
248;04687
249;04688
250;04703
251;04720
252;04736
253;04741
254;04746
255;04749
256;04758
257;04769
258;04774
259;04779
260;04808
261;04821
262;04824
263;04827
264;04828
265;04838
266;04849
267;04860
268;04862
269;04874
270;04880
271;04886
272;04889
273;04895
274;04910
275;04916
276;04924
277;04928
278;04931
279;04932
280;04934
281;04936
282;04938
283;06108
284;06110
285;06112
286;06114
287;06116
288;06118
289;06120
290;06122
291;06124
292;06126
293;06128
294;06130
295;06132
296;06179
297;06184
298;06188
299;06193
300;06198
301;06217
302;06231
303;06237
304;06242
305;06246
306;06249
307;06254
308;06255
309;06258
310;06259
311;06268
312;06279
313;06295
314;06308
315;06311
316;06313
317;06317
318;06318
319;06333
320;06343
321;06347
322;06348
323;06366
324;06369
325;06385
326;06386
327;06388
328;06406
329;06408
330;06420
331;06425
332;06429
333;06449
334;06456
335;06458
336;06463
337;06464
338;06466
339;06467
340;06469
341;06484
342;06493
343;06502
344;06507
345;06526
346;06528
347;06536
348;06537
349;06542
350;06543
351;06547
352;06556
353;06567
354;06571
355;06577
356;06578
357;06618
358;06628
359;06632
360;06636
361;06638
362;06642
363;06647
364;06648
365;06667
366;06679
367;06682
368;06686
369;06688
370;06712
371;06721
372;06722
373;06724
374;06725
375;06727
376;06729
377;06731
378;06749
379;06766
380;06773
381;06774
382;06779
383;06780
384;06785
385;06786
386;06791
387;06792
388;06794
389;06796
390;06800
391;06803
392;06804
393;06808
394;06809
395;06842
396;06844
397;06846
398;06847
399;06849
400;06861
401;06862
402;06868
403;06869
404;06886
405;06888
406;06889
407;06895
408;06896
409;06901
410;06905
411;06909
412;06917
413;06918
414;06922
415;06925
416;06926
417;06928
418;07318
419;07330
420;07333
421;07334
422;07336
423;07338
424;07343
425;07349
426;07356
427;07366
428;07368
429;07381
430;07387
431;07389
432;07407
433;07422
434;07426
435;07427
436;07429
437;07545
438;07546
439;07548
440;07549
441;07551
442;07552
443;07554
444;07557
445;07570
446;07580
447;07586
448;07589
449;07607
450;07613
451;07616
452;07619
453;07629
454;07639
455;07646
456;07743
457;07745
458;07747
459;07749
460;07751
461;07768
462;07774
463;07778
464;07806
465;07819
466;07907
467;07919
468;07922
469;07924
470;07926
471;07927
472;07929
473;07937
474;07950
475;07952
476;07955
477;07957
478;07958
479;07973
480;07980
481;07985
482;07987
483;07989
484;08056
485;08058
486;08060
487;08062
488;08064
489;08066
490;08107
491;08112
492;08115
493;08118
494;08132
495;08134
496;08141
497;08144
498;08147
499;08209
500;08223
501;08228
502;08233
503;08236
504;08237
505;08239
506;08248
507;08258
508;08261
509;08262
510;08265
511;08267
512;08269
513;08280
514;08289
515;08294
516;08297
517;08301
518;08304
519;08309
520;08312
521;08315
522;08318
523;08321
524;08324
525;08325
526;08326
527;08328
528;08340
529;08344
530;08349
531;08352
532;08355
533;08359
534;08371
535;08373
536;08393
537;08396
538;08412
539;08427
540;08428
541;08432
542;08439
543;08451
544;08459
545;08468
546;08485
547;08491
548;08496
549;08499
550;08523
551;08525
552;08527
553;08529
554;08538
555;08539
556;08541
557;08543
558;08547
559;08548
560;08606
561;08626
562;08645
563;08648
564;09028
565;09030
566;09111
567;09112
568;09113
569;09114
570;09116
571;09117
572;09119
573;09120
574;09122
575;09123
576;09125
577;09126
578;09127
579;09128
580;09130
581;09131
582;09212
583;09217
584;09221
585;09224
586;09227
587;09228
588;09232
589;09235
590;09236
591;09241
592;09243
593;09244
594;09247
595;09249
596;09306
597;09322
598;09326
599;09328
600;09337
601;09350
602;09353
603;09355
604;09356
605;09366
606;09376
607;09380
608;09385
609;09387
610;09390
611;09392
612;09394
613;09395
614;09399
615;09405
616;09419
617;09423
618;09427
619;09429
620;09430
621;09432
622;09435
623;09437
624;09439
625;09456
626;09465
627;09468
628;09471
629;09474
630;09477
631;09481
632;09484
633;09487
634;09488
635;09496
636;09509
637;09514
638;09517
639;09518
640;09526
641;09544
642;09548
643;09557
644;09569
645;09573
646;09575
647;09577
648;09579
649;09599
650;09600
651;09603
652;09618
653;09619
654;09623
655;09627
656;09629
657;09633
658;09634
659;09638
660;09648
661;09661
662;09669
663;10115
664;10117
665;10119
666;10178
667;10179
668;10243
669;10245
670;10247
671;10249
672;10315
673;10317
674;10318
675;10319
676;10365
677;10367
678;10369
679;10405
680;10407
681;10409
682;10435
683;10437
684;10439
685;10551
686;10553
687;10555
688;10557
689;10559
690;10585
691;10587
692;10589
693;10623
694;10625
695;10627
696;10629
697;10707
698;10709
699;10711
700;10713
701;10715
702;10717
703;10719
704;10777
705;10779
706;10781
707;10783
708;10785
709;10787
710;10789
711;10823
712;10825
713;10827
714;10829
715;10961
716;10963
717;10965
718;10967
719;10969
720;10997
721;10999
722;11011
723;12043
724;12045
725;12047
726;12049
727;12051
728;12053
729;12055
730;12057
731;12059
732;12099
733;12101
734;12103
735;12105
736;12107
737;12109
738;12157
739;12159
740;12161
741;12163
742;12165
743;12167
744;12169
745;12203
746;12205
747;12207
748;12209
749;12247
750;12249
751;12277
752;12279
753;12305
754;12307
755;12309
756;12347
757;12349
758;12351
759;12353
760;12355
761;12357
762;12359
763;12435
764;12437
765;12439
766;12459
767;12487
768;12489
769;12524
770;12526
771;12527
772;12529
773;12555
774;12557
775;12559
776;12587
777;12589
778;12619
779;12621
780;12623
781;12627
782;12629
783;12679
784;12681
785;12683
786;12685
787;12687
788;12689
789;13047
790;13051
791;13053
792;13055
793;13057
794;13059
795;13086
796;13088
797;13089
798;13125
799;13127
800;13129
801;13156
802;13158
803;13159
804;13187
805;13189
806;13347
807;13349
808;13351
809;13353
810;13355
811;13357
812;13359
813;13403
814;13405
815;13407
816;13409
817;13435
818;13437
819;13439
820;13465
821;13467
822;13469
823;13503
824;13505
825;13507
826;13509
827;13581
828;13583
829;13585
830;13587
831;13589
832;13591
833;13593
834;13595
835;13597
836;13599
837;13627
838;13629
839;14050
840;14052
841;14053
842;14055
843;14057
844;14059
845;14089
846;14109
847;14129
848;14131
849;14163
850;14165
851;14167
852;14169
853;14193
854;14195
855;14197
856;14199
857;14461
858;14467
859;14469
860;14471
861;14473
862;14476
863;14478
864;14480
865;14482
866;14513
867;14532
868;14542
869;14547
870;14548
871;14550
872;14552
873;14554
874;14557
875;14558
876;14612
877;14621
878;14624
879;14627
880;14641
881;14656
882;14662
883;14669
884;14712
885;14715
886;14727
887;14728
888;14770
889;14772
890;14774
891;14776
892;14778
893;14789
894;14793
895;14797
896;14798
897;14806
898;14822
899;14823
900;14827
901;14828
902;14913
903;14929
904;14943
905;14947
906;14959
907;14974
908;14979
909;15230
910;15232
911;15234
912;15236
913;15295
914;15299
915;15306
916;15320
917;15324
918;15326
919;15328
920;15344
921;15345
922;15366
923;15370
924;15372
925;15374
926;15377
927;15378
928;15517
929;15518
930;15526
931;15528
932;15537
933;15562
934;15566
935;15569
936;15711
937;15712
938;15713
939;15732
940;15738
941;15741
942;15745
943;15746
944;15748
945;15749
946;15752
947;15754
948;15755
949;15757
950;15806
951;15827
952;15831
953;15834
954;15837
955;15838
956;15848
957;15859
958;15864
959;15868
960;15890
961;15898
962;15907
963;15910
964;15913
965;15926
966;15936
967;15938
968;16225
969;16227
970;16230
971;16244
972;16247
973;16248
974;16259
975;16269
976;16278
977;16303
978;16306
979;16307
980;16321
981;16341
982;16348
983;16352
984;16356
985;16359
986;16515
987;16540
988;16547
989;16548
990;16552
991;16556
992;16559
993;16562
994;16565
995;16567
996;16727
997;16761
998;16766
999;16767
1000;16775
1001;16792
1002;16798
1003;16816
1004;16818
1005;16827
1006;16831
1007;16833
1008;16835
1009;16837
1010;16845
1011;16866
1012;16868
1013;16909
1014;16918
1015;16921
1016;16928
1017;16945
1018;16949
1019;17033
1020;17034
1021;17036
1022;17039
1023;17087
1024;17089
1025;17091
1026;17094
1027;17098
1028;17099
1029;17109
1030;17111
1031;17121
1032;17126
1033;17129
1034;17139
1035;17153
1036;17154
1037;17159
1038;17166
1039;17168
1040;17179
1041;17192
1042;17194
1043;17207
1044;17209
1045;17213
1046;17214
1047;17217
1048;17219
1049;17235
1050;17237
1051;17248
1052;17252
1053;17255
1054;17258
1055;17259
1056;17268
1057;17279
1058;17291
1059;17309
1060;17321
1061;17322
1062;17326
1063;17328
1064;17329
1065;17335
1066;17337
1067;17348
1068;17349
1069;17358
1070;17367
1071;17373
1072;17375
1073;17379
1074;17389
1075;17390
1076;17391
1077;17392
1078;17398
1079;17406
1080;17419
1081;17424
1082;17429
1083;17438
1084;17440
1085;17449
1086;17454
1087;17459
1088;17489
1089;17491
1090;17493
1091;17495
1092;17498
1093;17506
1094;17509
1095;18055
1096;18057
1097;18059
1098;18069
1099;18106
1100;18107
1101;18109
1102;18119
1103;18146
1104;18147
1105;18181
1106;18182
1107;18184
1108;18190
1109;18195
1110;18196
1111;18198
1112;18209
1113;18211
1114;18225
1115;18230
1116;18231
1117;18233
1118;18236
1119;18239
1120;18246
1121;18249
1122;18258
1123;18273
1124;18276
1125;18279
1126;18292
1127;18299
1128;18311
1129;18314
1130;18317
1131;18320
1132;18334
1133;18337
1134;18347
1135;18356
1136;18374
1137;18375
1138;18435
1139;18437
1140;18439
1141;18442
1142;18445
1143;18461
1144;18465
1145;18469
1146;18507
1147;18510
1148;18513
1149;18516
1150;18519
1151;18528
1152;18546
1153;18551
1154;18556
1155;18565
1156;18569
1157;18573
1158;18574
1159;18581
1160;18586
1161;18609
1162;19053
1163;19055
1164;19057
1165;19059
1166;19061
1167;19063
1168;19065
1169;19067
1170;19069
1171;19071
1172;19073
1173;19075
1174;19077
1175;19079
1176;19086
1177;19089
1178;19205
1179;19209
1180;19217
1181;19230
1182;19243
1183;19246
1184;19249
1185;19258
1186;19260
1187;19273
1188;19288
1189;19294
1190;19300
1191;19303
1192;19306
1193;19309
1194;19322
1195;19336
1196;19339
1197;19348
1198;19357
1199;19370
1200;19372
1201;19374
1202;19376
1203;19386
1204;19395
1205;19399
1206;19406
1207;19412
1208;19417
1209;20038
1210;20095
1211;20097
1212;20099
1213;20144
1214;20146
1215;20148
1216;20149
1217;20249
1218;20251
1219;20253
1220;20255
1221;20257
1222;20259
1223;20354
1224;20355
1225;20357
1226;20359
1227;20457
1228;20459
1229;20535
1230;20537
1231;20539
1232;21029
1233;21031
1234;21033
1235;21035
1236;21037
1237;21039
1238;21073
1239;21075
1240;21077
1241;21079
1242;21107
1243;21109
1244;21129
1245;21147
1246;21149
1247;21217
1248;21218
1249;21220
1250;21224
1251;21227
1252;21228
1253;21244
1254;21255
1255;21256
1256;21258
1257;21259
1258;21261
1259;21266
1260;21271
1261;21272
1262;21274
1263;21279
1264;21335
1265;21337
1266;21339
1267;21354
1268;21357
1269;21358
1270;21360
1271;21365
1272;21368
1273;21369
1274;21371
1275;21376
1276;21379
1277;21380
1278;21382
1279;21385
1280;21386
1281;21388
1282;21391
1283;21394
1284;21395
1285;21397
1286;21398
1287;21400
1288;21401
1289;21403
1290;21406
1291;21407
1292;21409
1293;21423
1294;21435
1295;21436
1296;21438
1297;21439
1298;21441
1299;21442
1300;21444
1301;21445
1302;21447
1303;21449
1304;21465
1305;21481
1306;21483
1307;21493
1308;21502
1309;21509
1310;21514
1311;21516
1312;21521
1313;21522
1314;21524
1315;21526
1316;21527
1317;21529
1318;21614
1319;21629
1320;21635
1321;21640
1322;21641
1323;21643
1324;21644
1325;21646
1326;21647
1327;21649
1328;21680
1329;21682
1330;21683
1331;21684
1332;21698
1333;21702
1334;21706
1335;21709
1336;21710
1337;21712
1338;21714
1339;21717
1340;21720
1341;21723
1342;21726
1343;21727
1344;21729
1345;21730
1346;21732
1347;21734
1348;21737
1349;21739
1350;21745
1351;21755
1352;21756
1353;21762
1354;21763
1355;21765
1356;21769
1357;21770
1358;21772
1359;21775
1360;21776
1361;21781
1362;21782
1363;21784
1364;21785
1365;21787
1366;21789
1367;22041
1368;22043
1369;22045
1370;22047
1371;22049
1372;22081
1373;22083
1374;22085
1375;22087
1376;22089
1377;22111
1378;22113
1379;22115
1380;22117
1381;22119
1382;22143
1383;22145
1384;22147
1385;22149
1386;22159
1387;22175
1388;22177
1389;22179
1390;22297
1391;22299
1392;22301
1393;22303
1394;22305
1395;22307
1396;22309
1397;22335
1398;22337
1399;22339
1400;22359
1401;22391
1402;22393
1403;22395
1404;22397
1405;22399
1406;22415
1407;22417
1408;22419
1409;22453
1410;22455
1411;22457
1412;22459
1413;22523
1414;22525
1415;22527
1416;22529
1417;22547
1418;22549
1419;22559
1420;22587
1421;22589
1422;22605
1423;22607
1424;22609
1425;22761
1426;22763
1427;22765
1428;22767
1429;22769
1430;22844
1431;22846
1432;22848
1433;22850
1434;22851
1435;22869
1436;22880
1437;22885
1438;22889
1439;22926
1440;22927
1441;22929
1442;22941
1443;22946
1444;22949
1445;22952
1446;22955
1447;22956
1448;22958
1449;22959
1450;22962
1451;22964
1452;22965
1453;22967
1454;22969
1455;23539
1456;23552
1457;23554
1458;23556
1459;23558
1460;23560
1461;23562
1462;23564
1463;23566
1464;23568
1465;23569
1466;23570
1467;23611
1468;23617
1469;23619
1470;23623
1471;23626
1472;23627
1473;23628
1474;23629
1475;23669
1476;23683
1477;23684
1478;23689
1479;23701
1480;23714
1481;23715
1482;23717
1483;23719
1484;23730
1485;23738
1486;23743
1487;23744
1488;23746
1489;23747
1490;23749
1491;23758
1492;23769
1493;23774
1494;23775
1495;23777
1496;23779
1497;23795
1498;23812
1499;23813
1500;23815
1501;23816
1502;23818
1503;23820
1504;23821
1505;23823
1506;23824
1507;23826
1508;23827
1509;23829
1510;23843
1511;23845
1512;23847
1513;23858
1514;23860
1515;23863
1516;23866
1517;23867
1518;23869
1519;23879
1520;23881
1521;23883
1522;23896
1523;23898
1524;23899
1525;23909
1526;23911
1527;23919
1528;23923
1529;23936
1530;23942
1531;23944
1532;23946
1533;23948
1534;23952
1535;23966
1536;23968
1537;23970
1538;23972
1539;23974
1540;23992
1541;23996
1542;23999
1543;24103
1544;24105
1545;24106
1546;24107
1547;24109
1548;24111
1549;24113
1550;24114
1551;24116
1552;24118
1553;24119
1554;24143
1555;24145
1556;24146
1557;24147
1558;24148
1559;24149
1560;24159
1561;24161
1562;24211
1563;24214
1564;24217
1565;24220
1566;24222
1567;24223
1568;24226
1569;24229
1570;24232
1571;24235
1572;24238
1573;24239
1574;24241
1575;24242
1576;24244
1577;24245
1578;24247
1579;24248
1580;24250
1581;24251
1582;24253
1583;24254
1584;24256
1585;24257
1586;24259
1587;24306
1588;24321
1589;24326
1590;24327
1591;24329
1592;24340
1593;24351
1594;24354
1595;24357
1596;24358
1597;24360
1598;24361
1599;24363
1600;24364
1601;24366
1602;24367
1603;24369
1604;24376
1605;24392
1606;24395
1607;24398
1608;24399
1609;24401
1610;24402
1611;24404
1612;24405
1613;24407
1614;24409
1615;24534
1616;24536
1617;24537
1618;24539
1619;24558
1620;24568
1621;24576
1622;24582
1623;24589
1624;24594
1625;24598
1626;24601
1627;24610
1628;24613
1629;24616
1630;24619
1631;24620
1632;24622
1633;24623
1634;24625
1635;24626
1636;24628
1637;24629
1638;24631
1639;24632
1640;24634
1641;24635
1642;24637
1643;24638
1644;24640
1645;24641
1646;24643
1647;24644
1648;24646
1649;24647
1650;24649
1651;24768
1652;24782
1653;24783
1654;24784
1655;24787
1656;24790
1657;24791
1658;24793
1659;24794
1660;24796
1661;24797
1662;24799
1663;24800
1664;24802
1665;24803
1666;24805
1667;24806
1668;24808
1669;24809
1670;24811
1671;24813
1672;24814
1673;24816
1674;24817
1675;24819
1676;24837
1677;24848
1678;24850
1679;24852
1680;24855
1681;24857
1682;24860
1683;24861
1684;24863
1685;24864
1686;24866
1687;24867
1688;24869
1689;24870
1690;24872
1691;24873
1692;24875
1693;24876
1694;24878
1695;24879
1696;24881
1697;24882
1698;24884
1699;24885
1700;24887
1701;24888
1702;24890
1703;24891
1704;24893
1705;24894
1706;24896
1707;24897
1708;24899
1709;24937
1710;24939
1711;24941
1712;24943
1713;24944
1714;24955
1715;24960
1716;24963
1717;24966
1718;24969
1719;24972
1720;24975
1721;24976
1722;24977
1723;24980
1724;24983
1725;24986
1726;24988
1727;24989
1728;24991
1729;24992
1730;24994
1731;24996
1732;24997
1733;24999
1734;25335
1735;25336
1736;25337
1737;25348
1738;25355
1739;25358
1740;25361
1741;25364
1742;25365
1743;25368
1744;25370
1745;25371
1746;25373
1747;25376
1748;25377
1749;25379
1750;25404
1751;25421
1752;25429
1753;25436
1754;25437
1755;25451
1756;25462
1757;25469
1758;25474
1759;25479
1760;25482
1761;25485
1762;25486
1763;25488
1764;25489
1765;25491
1766;25492
1767;25494
1768;25495
1769;25497
1770;25499
1771;25524
1772;25541
1773;25548
1774;25551
1775;25554
1776;25557
1777;25560
1778;25563
1779;25566
1780;25569
1781;25572
1782;25573
1783;25575
1784;25576
1785;25578
1786;25579
1787;25581
1788;25582
1789;25584
1790;25585
1791;25587
1792;25588
1793;25590
1794;25591
1795;25593
1796;25594
1797;25596
1798;25597
1799;25599
1800;25693
1801;25704
1802;25709
1803;25712
1804;25715
1805;25718
1806;25719
1807;25721
1808;25724
1809;25725
1810;25727
1811;25729
1812;25746
1813;25761
1814;25764
1815;25767
1816;25770
1817;25774
1818;25776
1819;25779
1820;25782
1821;25785
1822;25786
1823;25788
1824;25791
1825;25792
1826;25794
1827;25795
1828;25797
1829;25799
1830;25813
1831;25821
1832;25826
1833;25832
1834;25836
1835;25840
1836;25842
1837;25845
1838;25849
1839;25850
1840;25852
1841;25853
1842;25855
1843;25856
1844;25858
1845;25859
1846;25860
1847;25862
1848;25863
1849;25864
1850;25866
1851;25868
1852;25869
1853;25870
1854;25872
1855;25873
1856;25875
1857;25876
1858;25878
1859;25879
1860;25881
1861;25882
1862;25884
1863;25885
1864;25887
1865;25889
1866;25899
1867;25917
1868;25920
1869;25923
1870;25924
1871;25926
1872;25927
1873;25938
1874;25946
1875;25980
1876;25992
1877;25996
1878;25997
1879;25999
1880;26121
1881;26122
1882;26123
1883;26125
1884;26127
1885;26129
1886;26131
1887;26133
1888;26135
1889;26160
1890;26169
1891;26180
1892;26188
1893;26197
1894;26203
1895;26209
1896;26215
1897;26219
1898;26316
1899;26340
1900;26345
1901;26349
1902;26382
1903;26384
1904;26386
1905;26388
1906;26389
1907;26409
1908;26419
1909;26427
1910;26434
1911;26441
1912;26446
1913;26452
1914;26465
1915;26474
1916;26486
1917;26487
1918;26489
1919;26506
1920;26524
1921;26529
1922;26532
1923;26548
1924;26553
1925;26556
1926;26571
1927;26579
1928;26603
1929;26605
1930;26607
1931;26624
1932;26629
1933;26632
1934;26639
1935;26655
1936;26670
1937;26676
1938;26683
1939;26689
1940;26721
1941;26723
1942;26725
1943;26736
1944;26757
1945;26759
1946;26789
1947;26802
1948;26810
1949;26817
1950;26826
1951;26831
1952;26835
1953;26842
1954;26844
1955;26845
1956;26847
1957;26849
1958;26871
1959;26892
1960;26897
1961;26899
1962;26901
1963;26903
1964;26904
1965;26906
1966;26907
1967;26909
1968;26919
1969;26931
1970;26935
1971;26936
1972;26937
1973;26939
1974;26954
1975;26969
1976;27211
1977;27232
1978;27239
1979;27243
1980;27245
1981;27246
1982;27248
1983;27249
1984;27251
1985;27252
1986;27254
1987;27257
1988;27259
1989;27283
1990;27299
1991;27305
1992;27308
1993;27313
1994;27318
1995;27321
1996;27324
1997;27327
1998;27330
1999;27333
2000;27336
2001;27337
2002;27339
2003;27356
2004;27367
2005;27374
2006;27383
2007;27386
2008;27389
2009;27404
2010;27412
2011;27419
2012;27432
2013;27442
2014;27446
2015;27449
2016;27472
2017;27474
2018;27476
2019;27478
2020;27498
2021;27499
2022;27568
2023;27570
2024;27572
2025;27574
2026;27576
2027;27578
2028;27580
2029;27607
2030;27612
2031;27616
2032;27619
2033;27624
2034;27628
2035;27637
2036;27638
2037;27639
2038;27711
2039;27721
2040;27726
2041;27729
2042;27749
2043;27751
2044;27753
2045;27755
2046;27777
2047;27793
2048;27798
2049;27801
2050;27804
2051;27809
2052;28195
2053;28197
2054;28199
2055;28201
2056;28203
2057;28205
2058;28207
2059;28209
2060;28211
2061;28213
2062;28215
2063;28217
2064;28219
2065;28237
2066;28239
2067;28259
2068;28277
2069;28279
2070;28307
2071;28309
2072;28325
2073;28327
2074;28329
2075;28335
2076;28355
2077;28357
2078;28359
2079;28717
2080;28719
2081;28755
2082;28757
2083;28759
2084;28777
2085;28779
2086;28790
2087;28816
2088;28832
2089;28844
2090;28857
2091;28865
2092;28870
2093;28876
2094;28879
2095;29221
2096;29223
2097;29225
2098;29227
2099;29229
2100;29303
2101;29308
2102;29313
2103;29320
2104;29323
2105;29328
2106;29331
2107;29336
2108;29339
2109;29342
2110;29345
2111;29348
2112;29351
2113;29352
2114;29353
2115;29355
2116;29356
2117;29358
2118;29359
2119;29361
2120;29362
2121;29364
2122;29365
2123;29367
2124;29369
2125;29378
2126;29379
2127;29386
2128;29389
2129;29392
2130;29393
2131;29394
2132;29396
2133;29399
2134;29410
2135;29413
2136;29416
2137;29439
2138;29451
2139;29456
2140;29459
2141;29462
2142;29465
2143;29468
2144;29471
2145;29472
2146;29473
2147;29475
2148;29476
2149;29478
2150;29479
2151;29481
2152;29482
2153;29484
2154;29485
2155;29487
2156;29488
2157;29490
2158;29491
2159;29493
2160;29494
2161;29496
2162;29497
2163;29499
2164;29525
2165;29549
2166;29553
2167;29556
2168;29559
2169;29562
2170;29565
2171;29568
2172;29571
2173;29574
2174;29575
2175;29576
2176;29578
2177;29579
2178;29581
2179;29582
2180;29584
2181;29585
2182;29587
2183;29588
2184;29590
2185;29591
2186;29593
2187;29594
2188;29596
2189;29597
2190;29599
2191;29614
2192;29633
2193;29640
2194;29643
2195;29646
2196;29649
2197;29664
2198;29683
2199;29690
2200;29693
2201;29699
2202;30159
2203;30161
2204;30163
2205;30165
2206;30167
2207;30169
2208;30171
2209;30173
2210;30175
2211;30177
2212;30179
2213;30419
2214;30449
2215;30451
2216;30453
2217;30455
2218;30457
2219;30459
2220;30519
2221;30521
2222;30539
2223;30559
2224;30625
2225;30627
2226;30629
2227;30655
2228;30657
2229;30659
2230;30669
2231;30823
2232;30826
2233;30827
2234;30851
2235;30853
2236;30855
2237;30880
2238;30890
2239;30900
2240;30916
2241;30926
2242;30938
2243;30952
2244;30966
2245;30974
2246;30982
2247;30989
2248;31008
2249;31020
2250;31028
2251;31029
2252;31032
2253;31033
2254;31036
2255;31039
2256;31061
2257;31073
2258;31079
2259;31084
2260;31085
2261;31088
2262;31089
2263;31091
2264;31093
2265;31094
2266;31096
2267;31097
2268;31099
2269;31134
2270;31135
2271;31137
2272;31139
2273;31141
2274;31157
2275;31162
2276;31167
2277;31171
2278;31174
2279;31177
2280;31180
2281;31185
2282;31188
2283;31191
2284;31195
2285;31196
2286;31199
2287;31224
2288;31226
2289;31228
2290;31234
2291;31241
2292;31246
2293;31249
2294;31275
2295;31303
2296;31311
2297;31319
2298;31515
2299;31535
2300;31542
2301;31547
2302;31552
2303;31553
2304;31555
2305;31556
2306;31558
2307;31559
2308;31582
2309;31592
2310;31595
2311;31600
2312;31603
2313;31604
2314;31606
2315;31608
2316;31609
2317;31613
2318;31618
2319;31619
2320;31621
2321;31622
2322;31623
2323;31626
2324;31627
2325;31628
2326;31629
2327;31632
2328;31633
2329;31634
2330;31636
2331;31637
2332;31638
2333;31655
2334;31675
2335;31683
2336;31688
2337;31691
2338;31693
2339;31698
2340;31699
2341;31700
2342;31702
2343;31707
2344;31708
2345;31710
2346;31711
2347;31712
2348;31714
2349;31715
2350;31717
2351;31718
2352;31719
2353;31737
2354;31749
2355;31785
2356;31787
2357;31789
2358;31812
2359;31832
2360;31840
2361;31848
2362;31855
2363;31860
2364;31863
2365;31867
2366;31868
2367;32049
2368;32051
2369;32052
2370;32105
2371;32107
2372;32108
2373;32120
2374;32130
2375;32139
2376;32257
2377;32278
2378;32289
2379;32312
2380;32339
2381;32351
2382;32361
2383;32369
2384;32423
2385;32425
2386;32427
2387;32429
2388;32457
2389;32469
2390;32479
2391;32545
2392;32547
2393;32549
2394;32584
2395;32602
2396;32609
2397;32657
2398;32676
2399;32683
2400;32689
2401;32694
2402;32699
2403;32756
2404;32758
2405;32760
2406;32791
2407;32805
2408;32816
2409;32825
2410;32832
2411;32839
2412;33014
2413;33034
2414;33039
2415;33098
2416;33100
2417;33102
2418;33104
2419;33106
2420;33129
2421;33142
2422;33154
2423;33161
2424;33165
2425;33175
2426;33178
2427;33181
2428;33184
2429;33189
2430;33311
2431;33330
2432;33332
2433;33334
2434;33335
2435;33378
2436;33397
2437;33415
2438;33428
2439;33442
2440;33449
2441;33519
2442;33602
2443;33604
2444;33605
2445;33607
2446;33609
2447;33611
2448;33613
2449;33615
2450;33617
2451;33619
2452;33647
2453;33649
2454;33659
2455;33689
2456;33699
2457;33719
2458;33729
2459;33739
2460;33758
2461;33775
2462;33790
2463;33803
2464;33813
2465;33818
2466;33824
2467;33829
2468;34117
2469;34119
2470;34121
2471;34123
2472;34125
2473;34127
2474;34128
2475;34130
2476;34131
2477;34132
2478;34134
2479;34212
2480;34225
2481;34233
2482;34246
2483;34253
2484;34260
2485;34266
2486;34270
2487;34277
2488;34281
2489;34286
2490;34289
2491;34292
2492;34295
2493;34298
2494;34302
2495;34305
2496;34308
2497;34311
2498;34314
2499;34317
2500;34320
2501;34323
2502;34326
2503;34327
2504;34329
2505;34346
2506;34355
2507;34359
2508;34369
2509;34376
2510;34379
2511;34385
2512;34388
2513;34393
2514;34396
2515;34399
2516;34414
2517;34431
2518;34434
2519;34439
2520;34454
2521;34466
2522;34471
2523;34474
2524;34477
2525;34479
2526;34497
2527;34508
2528;34513
2529;34516
2530;34519
2531;34537
2532;34549
2533;34560
2534;34576
2535;34582
2536;34587
2537;34590
2538;34593
2539;34596
2540;34599
2541;34613
2542;34621
2543;34626
2544;34628
2545;34630
2546;34632
2547;34633
2548;34637
2549;34639
2550;35037
2551;35039
2552;35041
2553;35043
2554;35066
2555;35075
2556;35080
2557;35083
2558;35085
2559;35088
2560;35091
2561;35094
2562;35096
2563;35099
2564;35102
2565;35104
2566;35108
2567;35110
2568;35112
2569;35114
2570;35116
2571;35117
2572;35119
2573;35216
2574;35232
2575;35236
2576;35239
2577;35260
2578;35274
2579;35279
2580;35282
2581;35285
2582;35287
2583;35288
2584;35305
2585;35315
2586;35321
2587;35325
2588;35327
2589;35329
2590;35390
2591;35392
2592;35394
2593;35396
2594;35398
2595;35410
2596;35415
2597;35418
2598;35423
2599;35428
2600;35435
2601;35440
2602;35444
2603;35447
2604;35452
2605;35457
2606;35460
2607;35463
2608;35466
2609;35469
2610;35510
2611;35516
2612;35519
2613;35576
2614;35578
2615;35579
2616;35580
2617;35581
2618;35582
2619;35583
2620;35584
2621;35585
2622;35586
2623;35606
2624;35614
2625;35619
2626;35625
2627;35630
2628;35633
2629;35638
2630;35641
2631;35644
2632;35647
2633;35649
2634;35683
2635;35684
2636;35685
2637;35686
2638;35687
2639;35688
2640;35689
2641;35690
2642;35708
2643;35713
2644;35716
2645;35719
2646;35745
2647;35753
2648;35756
2649;35759
2650;35764
2651;35767
2652;35768
2653;35781
2654;35789
2655;35792
2656;35794
2657;35796
2658;35799
2659;36037
2660;36039
2661;36041
2662;36043
2663;36088
2664;36093
2665;36100
2666;36103
2667;36110
2668;36115
2669;36119
2670;36124
2671;36129
2672;36132
2673;36137
2674;36142
2675;36145
2676;36148
2677;36151
2678;36154
2679;36157
2680;36160
2681;36163
2682;36166
2683;36167
2684;36169
2685;36179
2686;36199
2687;36205
2688;36208
2689;36211
2690;36214
2691;36217
2692;36219
2693;36251
2694;36266
2695;36269
2696;36272
2697;36275
2698;36277
2699;36280
2700;36282
2701;36284
2702;36286
2703;36287
2704;36289
2705;36304
2706;36318
2707;36320
2708;36323
2709;36325
2710;36326
2711;36329
2712;36341
2713;36355
2714;36358
2715;36364
2716;36367
2717;36369
2718;36381
2719;36391
2720;36396
2721;36399
2722;36404
2723;36414
2724;36419
2725;36433
2726;36448
2727;36452
2728;36456
2729;36457
2730;36460
2731;36466
2732;36469
2733;37073
2734;37075
2735;37077
2736;37079
2737;37081
2738;37083
2739;37085
2740;37115
2741;37120
2742;37124
2743;37127
2744;37130
2745;37133
2746;37136
2747;37139
2748;37154
2749;37170
2750;37176
2751;37181
2752;37186
2753;37191
2754;37194
2755;37197
2756;37199
2757;37213
2758;37214
2759;37215
2760;37216
2761;37217
2762;37218
2763;37235
2764;37242
2765;37247
2766;37249
2767;37269
2768;37276
2769;37281
2770;37284
2771;37287
2772;37290
2773;37293
2774;37296
2775;37297
2776;37299
2777;37308
2778;37318
2779;37327
2780;37339
2781;37345
2782;37351
2783;37355
2784;37359
2785;37412
2786;37431
2787;37434
2788;37441
2789;37444
2790;37445
2791;37447
2792;37449
2793;37520
2794;37534
2795;37539
2796;37547
2797;37574
2798;37581
2799;37586
2800;37589
2801;37603
2802;37619
2803;37620
2804;37627
2805;37632
2806;37633
2807;37635
2808;37639
2809;37640
2810;37642
2811;37643
2812;37647
2813;37649
2814;37671
2815;37688
2816;37691
2817;37696
2818;37697
2819;37699
2820;38023
2821;38100
2822;38102
2823;38104
2824;38106
2825;38108
2826;38110
2827;38112
2828;38114
2829;38116
2830;38118
2831;38120
2832;38122
2833;38124
2834;38126
2835;38154
2836;38159
2837;38162
2838;38165
2839;38170
2840;38173
2841;38176
2842;38179
2843;38226
2844;38228
2845;38229
2846;38239
2847;38259
2848;38268
2849;38271
2850;38272
2851;38274
2852;38275
2853;38277
2854;38279
2855;38281
2856;38300
2857;38302
2858;38304
2859;38312
2860;38315
2861;38319
2862;38321
2863;38322
2864;38324
2865;38325
2866;38327
2867;38329
2868;38350
2869;38364
2870;38368
2871;38372
2872;38373
2873;38375
2874;38376
2875;38378
2876;38379
2877;38381
2878;38382
2879;38384
2880;38385
2881;38387
2882;38388
2883;38440
2884;38442
2885;38444
2886;38446
2887;38448
2888;38458
2889;38459
2890;38461
2891;38462
2892;38464
2893;38465
2894;38467
2895;38468
2896;38470
2897;38471
2898;38473
2899;38474
2900;38476
2901;38477
2902;38479
2903;38486
2904;38489
2905;38518
2906;38524
2907;38527
2908;38528
2909;38530
2910;38531
2911;38533
2912;38536
2913;38539
2914;38542
2915;38543
2916;38547
2917;38550
2918;38551
2919;38553
2920;38554
2921;38556
2922;38557
2923;38559
2924;38640
2925;38642
2926;38644
2927;38667
2928;38678
2929;38685
2930;38690
2931;38700
2932;38704
2933;38707
2934;38709
2935;38723
2936;38729
2937;38820
2938;38822
2939;38828
2940;38829
2941;38835
2942;38836
2943;38838
2944;38855
2945;38871
2946;38875
2947;38877
2948;38879
2949;38889
2950;38895
2951;38899
2952;39014
2953;39104
2954;39106
2955;39108
2956;39110
2957;39112
2958;39114
2959;39116
2960;39118
2961;39120
2962;39122
2963;39124
2964;39126
2965;39128
2966;39130
2967;39164
2968;39167
2969;39171
2970;39175
2971;39179
2972;39217
2973;39218
2974;39221
2975;39240
2976;39245
2977;39249
2978;39261
2979;39264
2980;39279
2981;39288
2982;39291
2983;39307
2984;39317
2985;39319
2986;39326
2987;39340
2988;39343
2989;39345
2990;39356
2991;39359
2992;39365
2993;39387
2994;39393
2995;39397
2996;39398
2997;39418
2998;39434
2999;39435
3000;39439
3001;39443
3002;39444
3003;39446
3004;39448
3005;39517
3006;39524
3007;39539
3008;39576
3009;39579
3010;39590
3011;39596
3012;39599
3013;39606
3014;39615
3015;39619
3016;39624
3017;39629
3018;39638
3019;39646
3020;39649
3021;40210
3022;40211
3023;40212
3024;40213
3025;40215
3026;40217
3027;40219
3028;40221
3029;40223
3030;40225
3031;40227
3032;40229
3033;40231
3034;40233
3035;40235
3036;40237
3037;40239
3038;40468
3039;40470
3040;40472
3041;40474
3042;40476
3043;40477
3044;40479
3045;40489
3046;40545
3047;40547
3048;40549
3049;40589
3050;40591
3051;40593
3052;40595
3053;40597
3054;40599
3055;40625
3056;40627
3057;40629
3058;40667
3059;40668
3060;40670
3061;40699
3062;40721
3063;40723
3064;40724
3065;40764
3066;40789
3067;40822
3068;40832
3069;40878
3070;40880
3071;40882
3072;40883
3073;40885
3074;41061
3075;41063
3076;41065
3077;41066
3078;41068
3079;41069
3080;41169
3081;41179
3082;41189
3083;41199
3084;41236
3085;41238
3086;41239
3087;41334
3088;41352
3089;41363
3090;41366
3091;41372
3092;41379
3093;41460
3094;41462
3095;41464
3096;41466
3097;41468
3098;41469
3099;41470
3100;41472
3101;41515
3102;41516
3103;41517
3104;41539
3105;41540
3106;41541
3107;41542
3108;41564
3109;41569
3110;41747
3111;41748
3112;41749
3113;41751
3114;41812
3115;41836
3116;41844
3117;41849
3118;42103
3119;42105
3120;42107
3121;42109
3122;42111
3123;42113
3124;42115
3125;42117
3126;42119
3127;42275
3128;42277
3129;42279
3130;42281
3131;42283
3132;42285
3133;42287
3134;42289
3135;42327
3136;42329
3137;42349
3138;42369
3139;42389
3140;42399
3141;42477
3142;42489
3143;42499
3144;42549
3145;42551
3146;42553
3147;42555
3148;42579
3149;42651
3150;42653
3151;42655
3152;42657
3153;42659
3154;42697
3155;42699
3156;42719
3157;42781
3158;42799
3159;42853
3160;42855
3161;42857
3162;42859
3163;42897
3164;42899
3165;42929
3166;44135
3167;44137
3168;44139
3169;44141
3170;44143
3171;44145
3172;44147
3173;44149
3174;44225
3175;44227
3176;44229
3177;44263
3178;44265
3179;44267
3180;44269
3181;44287
3182;44289
3183;44309
3184;44319
3185;44328
3186;44329
3187;44339
3188;44357
3189;44359
3190;44369
3191;44379
3192;44388
3193;44532
3194;44534
3195;44536
3196;44575
3197;44577
3198;44579
3199;44581
3200;44623
3201;44625
3202;44627
3203;44628
3204;44629
3205;44649
3206;44651
3207;44652
3208;44653
3209;44787
3210;44789
3211;44791
3212;44793
3213;44795
3214;44797
3215;44799
3216;44801
3217;44803
3218;44805
3219;44807
3220;44809
3221;44866
3222;44867
3223;44869
3224;44879
3225;44892
3226;44894
3227;45127
3228;45128
3229;45130
3230;45131
3231;45133
3232;45134
3233;45136
3234;45138
3235;45139
3236;45141
3237;45143
3238;45144
3239;45145
3240;45147
3241;45149
3242;45219
3243;45239
3244;45257
3245;45259
3246;45276
3247;45277
3248;45279
3249;45289
3250;45307
3251;45309
3252;45326
3253;45327
3254;45329
3255;45355
3256;45356
3257;45357
3258;45359
3259;45403
3260;45468
3261;45470
3262;45472
3263;45473
3264;45475
3265;45476
3266;45478
3267;45479
3268;45481
3269;45525
3270;45527
3271;45529
3272;45549
3273;45657
3274;45659
3275;45661
3276;45663
3277;45665
3278;45699
3279;45701
3280;45711
3281;45721
3282;45731
3283;45739
3284;45768
3285;45770
3286;45772
3287;45879
3288;45881
3289;45883
3290;45884
3291;45886
3292;45888
3293;45889
3294;45891
3295;45892
3296;45894
3297;45896
3298;45897
3299;45899
3300;45964
3301;45966
3302;45968
3303;46045
3304;46047
3305;46049
3306;46117
3307;46119
3308;46145
3309;46147
3310;46149
3311;46236
3312;46238
3313;46240
3314;46242
3315;46244
3316;46282
3317;46284
3318;46286
3319;46325
3320;46342
3321;46348
3322;46354
3323;46359
3324;46395
3325;46397
3326;46399
3327;46414
3328;46419
3329;46446
3330;46459
3331;46483
3332;46485
3333;46487
3334;46499
3335;46509
3336;46514
3337;46519
3338;46535
3339;46537
3340;46539
3341;46562
3342;46569
3343;47051
3344;47053
3345;47055
3346;47057
3347;47058
3348;47059
3349;47119
3350;47137
3351;47138
3352;47139
3353;47166
3354;47167
3355;47169
3356;47178
3357;47179
3358;47198
3359;47199
3360;47226
3361;47228
3362;47229
3363;47239
3364;47249
3365;47259
3366;47269
3367;47279
3368;47441
3369;47443
3370;47445
3371;47447
3372;47475
3373;47495
3374;47506
3375;47509
3376;47533
3377;47546
3378;47551
3379;47559
3380;47574
3381;47589
3382;47608
3383;47623
3384;47624
3385;47625
3386;47626
3387;47627
3388;47638
3389;47647
3390;47652
3391;47661
3392;47665
3393;47669
3394;47798
3395;47799
3396;47800
3397;47802
3398;47803
3399;47804
3400;47805
3401;47807
3402;47809
3403;47829
3404;47839
3405;47877
3406;47906
3407;47918
3408;47929
3409;48079
3410;48143
3411;48145
3412;48147
3413;48149
3414;48151
3415;48153
3416;48155
3417;48157
3418;48159
3419;48161
3420;48163
3421;48165
3422;48167
3423;48231
3424;48249
3425;48268
3426;48282
3427;48291
3428;48301
3429;48308
3430;48317
3431;48324
3432;48329
3433;48336
3434;48341
3435;48346
3436;48351
3437;48356
3438;48361
3439;48366
3440;48369
3441;48429
3442;48431
3443;48432
3444;48455
3445;48465
3446;48477
3447;48480
3448;48485
3449;48488
3450;48493
3451;48496
3452;48499
3453;48527
3454;48529
3455;48531
3456;48565
3457;48599
3458;48607
3459;48612
3460;48619
3461;48624
3462;48629
3463;48653
3464;48683
3465;48691
3466;48703
3467;48712
3468;48720
3469;48727
3470;48734
3471;48739
3472;49074
3473;49076
3474;49078
3475;49080
3476;49082
3477;49084
3478;49086
3479;49088
3480;49090
3481;49124
3482;49134
3483;49143
3484;49152
3485;49163
3486;49170
3487;49176
3488;49179
3489;49186
3490;49191
3491;49196
3492;49201
3493;49205
3494;49214
3495;49219
3496;49324
3497;49326
3498;49328
3499;49356
3500;49377
3501;49393
3502;49401
3503;49406
3504;49413
3505;49419
3506;49424
3507;49429
3508;49434
3509;49439
3510;49448
3511;49451
3512;49453
3513;49456
3514;49457
3515;49459
3516;49477
3517;49479
3518;49492
3519;49497
3520;49504
3521;49509
3522;49525
3523;49536
3524;49545
3525;49549
3526;49565
3527;49577
3528;49584
3529;49586
3530;49593
3531;49594
3532;49596
3533;49597
3534;49599
3535;49610
3536;49624
3537;49626
3538;49632
3539;49635
3540;49637
3541;49638
3542;49661
3543;49681
3544;49685
3545;49688
3546;49692
3547;49696
3548;49699
3549;49716
3550;49733
3551;49740
3552;49744
3553;49751
3554;49757
3555;49762
3556;49767
3557;49770
3558;49774
3559;49777
3560;49779
3561;49808
3562;49809
3563;49811
3564;49824
3565;49828
3566;49832
3567;49835
3568;49838
3569;49843
3570;49844
3571;49846
3572;49847
3573;49849
3574;50126
3575;50127
3576;50129
3577;50169
3578;50170
3579;50171
3580;50181
3581;50189
3582;50226
3583;50259
3584;50321
3585;50354
3586;50374
3587;50389
3588;50667
3589;50668
3590;50670
3591;50672
3592;50674
3593;50676
3594;50677
3595;50678
3596;50679
3597;50733
3598;50735
3599;50737
3600;50739
3601;50765
3602;50767
3603;50769
3604;50823
3605;50825
3606;50827
3607;50829
3608;50858
3609;50859
3610;50931
3611;50933
3612;50935
3613;50937
3614;50939
3615;50968
3616;50969
3617;50996
3618;50997
3619;50999
3620;51061
3621;51063
3622;51065
3623;51067
3624;51069
3625;51103
3626;51105
3627;51107
3628;51109
3629;51143
3630;51145
3631;51147
3632;51149
3633;51371
3634;51373
3635;51375
3636;51377
3637;51379
3638;51381
3639;51399
3640;51427
3641;51429
3642;51465
3643;51467
3644;51469
3645;51491
3646;51503
3647;51515
3648;51519
3649;51545
3650;51570
3651;51580
3652;51588
3653;51597
3654;51598
3655;51643
3656;51645
3657;51647
3658;51674
3659;51688
3660;51702
3661;51709
3662;51766
3663;51789
3664;52062
3665;52064
3666;52066
3667;52068
3668;52070
3669;52072
3670;52074
3671;52076
3672;52078
3673;52080
3674;52134
3675;52146
3676;52152
3677;52156
3678;52159
3679;52222
3680;52223
3681;52224
3682;52249
3683;52349
3684;52351
3685;52353
3686;52355
3687;52372
3688;52379
3689;52382
3690;52385
3691;52388
3692;52391
3693;52393
3694;52396
3695;52399
3696;52428
3697;52441
3698;52445
3699;52457
3700;52459
3701;52477
3702;52499
3703;52511
3704;52525
3705;52531
3706;52538
3707;53111
3708;53113
3709;53115
3710;53117
3711;53119
3712;53121
3713;53123
3714;53125
3715;53127
3716;53129
3717;53173
3718;53175
3719;53177
3720;53179
3721;53225
3722;53227
3723;53229
3724;53332
3725;53340
3726;53343
3727;53347
3728;53359
3729;53424
3730;53426
3731;53474
3732;53489
3733;53498
3734;53501
3735;53505
3736;53506
3737;53507
3738;53508
3739;53518
3740;53520
3741;53533
3742;53534
3743;53539
3744;53545
3745;53547
3746;53557
3747;53560
3748;53562
3749;53567
3750;53572
3751;53577
3752;53578
3753;53579
3754;53604
3755;53619
3756;53639
3757;53721
3758;53757
3759;53773
3760;53783
3761;53797
3762;53804
3763;53809
3764;53819
3765;53840
3766;53842
3767;53844
3768;53859
3769;53879
3770;53881
3771;53894
3772;53902
3773;53909
3774;53913
3775;53919
3776;53925
3777;53937
3778;53940
3779;53945
3780;53947
3781;53949
3782;54290
3783;54292
3784;54293
3785;54294
3786;54295
3787;54296
3788;54298
3789;54306
3790;54308
3791;54309
3792;54310
3793;54311
3794;54313
3795;54314
3796;54316
3797;54317
3798;54318
3799;54320
3800;54329
3801;54331
3802;54332
3803;54338
3804;54340
3805;54341
3806;54343
3807;54344
3808;54346
3809;54347
3810;54349
3811;54411
3812;54413
3813;54421
3814;54422
3815;54424
3816;54426
3817;54427
3818;54429
3819;54439
3820;54441
3821;54450
3822;54451
3823;54453
3824;54455
3825;54456
3826;54457
3827;54459
3828;54470
3829;54472
3830;54483
3831;54484
3832;54486
3833;54487
3834;54492
3835;54497
3836;54498
3837;54516
3838;54518
3839;54523
3840;54524
3841;54526
3842;54528
3843;54529
3844;54531
3845;54533
3846;54534
3847;54536
3848;54538
3849;54539
3850;54550
3851;54552
3852;54558
3853;54568
3854;54570
3855;54574
3856;54576
3857;54578
3858;54579
3859;54584
3860;54585
3861;54586
3862;54587
3863;54589
3864;54595
3865;54597
3866;54608
3867;54610
3868;54611
3869;54612
3870;54614
3871;54616
3872;54617
3873;54619
3874;54634
3875;54636
3876;54646
3877;54647
3878;54649
3879;54655
3880;54657
3881;54662
3882;54664
3883;54666
3884;54668
3885;54669
3886;54673
3887;54675
3888;54687
3889;54689
3890;55116
3891;55118
3892;55120
3893;55122
3894;55124
3895;55126
3896;55127
3897;55128
3898;55129
3899;55130
3900;55131
3901;55218
3902;55232
3903;55234
3904;55237
3905;55239
3906;55246
3907;55252
3908;55257
3909;55262
3910;55263
3911;55268
3912;55270
3913;55271
3914;55276
3915;55278
3916;55283
3917;55286
3918;55288
3919;55291
3920;55294
3921;55296
3922;55299
3923;55411
3924;55413
3925;55422
3926;55424
3927;55425
3928;55430
3929;55432
3930;55435
3931;55437
3932;55442
3933;55444
3934;55450
3935;55452
3936;55457
3937;55459
3938;55469
3939;55471
3940;55481
3941;55483
3942;55487
3943;55490
3944;55491
3945;55494
3946;55496
3947;55497
3948;55499
3949;55543
3950;55545
3951;55546
3952;55559
3953;55566
3954;55568
3955;55569
3956;55571
3957;55576
3958;55578
3959;55583
3960;55585
3961;55590
3962;55592
3963;55593
3964;55595
3965;55596
3966;55597
3967;55599
3968;55606
3969;55608
3970;55618
3971;55619
3972;55621
3973;55624
3974;55626
3975;55627
3976;55629
3977;55743
3978;55756
3979;55758
3980;55765
3981;55767
3982;55768
3983;55774
3984;55776
3985;55777
3986;55779
3987;56068
3988;56070
3989;56072
3990;56073
3991;56075
3992;56076
3993;56077
3994;56112
3995;56130
3996;56132
3997;56133
3998;56154
3999;56170
4000;56179
4001;56182
4002;56191
4003;56203
4004;56204
4005;56206
4006;56218
4007;56220
4008;56235
4009;56237
4010;56242
4011;56244
4012;56249
4013;56253
4014;56254
4015;56269
4016;56271
4017;56276
4018;56281
4019;56283
4020;56288
4021;56290
4022;56291
4023;56294
4024;56295
4025;56299
4026;56305
4027;56307
4028;56316
4029;56317
4030;56321
4031;56322
4032;56323
4033;56329
4034;56330
4035;56332
4036;56333
4037;56335
4038;56337
4039;56338
4040;56340
4041;56341
4042;56346
4043;56348
4044;56349
4045;56355
4046;56357
4047;56368
4048;56370
4049;56377
4050;56379
4051;56410
4052;56412
4053;56414
4054;56422
4055;56424
4056;56427
4057;56428
4058;56457
4059;56459
4060;56462
4061;56470
4062;56472
4063;56477
4064;56479
4065;56564
4066;56566
4067;56567
4068;56575
4069;56579
4070;56581
4071;56584
4072;56587
4073;56588
4074;56589
4075;56593
4076;56594
4077;56598
4078;56599
4079;56626
4080;56630
4081;56637
4082;56642
4083;56645
4084;56648
4085;56651
4086;56653
4087;56656
4088;56659
4089;56727
4090;56729
4091;56736
4092;56743
4093;56745
4094;56746
4095;56751
4096;56753
4097;56754
4098;56759
4099;56761
4100;56766
4101;56767
4102;56769
4103;56812
4104;56814
4105;56818
4106;56820
4107;56821
4108;56823
4109;56825
4110;56826
4111;56828
4112;56829
4113;56841
4114;56843
4115;56850
4116;56856
4117;56858
4118;56859
4119;56861
4120;56862
4121;56864
4122;56865
4123;56867
4124;56869
4125;57072
4126;57074
4127;57076
4128;57078
4129;57080
4130;57223
4131;57234
4132;57250
4133;57258
4134;57271
4135;57290
4136;57299
4137;57319
4138;57334
4139;57339
4140;57368
4141;57392
4142;57399
4143;57413
4144;57439
4145;57462
4146;57482
4147;57489
4148;57518
4149;57520
4150;57537
4151;57539
4152;57548
4153;57555
4154;57562
4155;57567
4156;57572
4157;57577
4158;57578
4159;57580
4160;57581
4161;57583
4162;57584
4163;57586
4164;57587
4165;57589
4166;57610
4167;57612
4168;57614
4169;57627
4170;57629
4171;57632
4172;57635
4173;57636
4174;57638
4175;57639
4176;57641
4177;57642
4178;57644
4179;57645
4180;57647
4181;57648
4182;58089
4183;58091
4184;58093
4185;58095
4186;58097
4187;58099
4188;58119
4189;58135
4190;58239
4191;58256
4192;58285
4193;58300
4194;58313
4195;58332
4196;58339
4197;58452
4198;58453
4199;58454
4200;58455
4201;58456
4202;58507
4203;58509
4204;58511
4205;58513
4206;58515
4207;58540
4208;58553
4209;58566
4210;58579
4211;58636
4212;58638
4213;58640
4214;58642
4215;58644
4216;58675
4217;58706
4218;58708
4219;58710
4220;58730
4221;58739
4222;58762
4223;58769
4224;58791
4225;58802
4226;58809
4227;58840
4228;58849
4229;59063
4230;59065
4231;59067
4232;59069
4233;59071
4234;59073
4235;59075
4236;59077
4237;59174
4238;59192
4239;59199
4240;59227
4241;59229
4242;59269
4243;59302
4244;59320
4245;59329
4246;59348
4247;59368
4248;59379
4249;59387
4250;59394
4251;59399
4252;59423
4253;59425
4254;59427
4255;59439
4256;59457
4257;59469
4258;59494
4259;59505
4260;59510
4261;59514
4262;59519
4263;59555
4264;59556
4265;59557
4266;59558
4267;59581
4268;59590
4269;59597
4270;59602
4271;59609
4272;59755
4273;59757
4274;59759
4275;59821
4276;59823
4277;59846
4278;59872
4279;59889
4280;59909
4281;59929
4282;59939
4283;59955
4284;59964
4285;59969
4286;60306
4287;60308
4288;60310
4289;60311
4290;60313
4291;60314
4292;60316
4293;60318
4294;60320
4295;60322
4296;60323
4297;60325
4298;60326
4299;60327
4300;60329
4301;60385
4302;60386
4303;60388
4304;60389
4305;60431
4306;60433
4307;60435
4308;60437
4309;60438
4310;60439
4311;60486
4312;60487
4313;60488
4314;60489
4315;60528
4316;60529
4317;60549
4318;60594
4319;60596
4320;60598
4321;60599
4322;61118
4323;61130
4324;61137
4325;61138
4326;61169
4327;61184
4328;61191
4329;61194
4330;61197
4331;61200
4332;61203
4333;61206
4334;61209
4335;61231
4336;61239
4337;61250
4338;61267
4339;61273
4340;61276
4341;61279
4342;61348
4343;61350
4344;61352
4345;61381
4346;61389
4347;61440
4348;61449
4349;61462
4350;61476
4351;61479
4352;63065
4353;63067
4354;63069
4355;63071
4356;63073
4357;63075
4358;63110
4359;63128
4360;63150
4361;63165
4362;63179
4363;63225
4364;63263
4365;63303
4366;63322
4367;63329
4368;63405
4369;63450
4370;63452
4371;63454
4372;63456
4373;63457
4374;63477
4375;63486
4376;63500
4377;63505
4378;63512
4379;63517
4380;63526
4381;63533
4382;63538
4383;63543
4384;63546
4385;63549
4386;63571
4387;63579
4388;63584
4389;63589
4390;63594
4391;63599
4392;63607
4393;63619
4394;63628
4395;63633
4396;63636
4397;63637
4398;63639
4399;63654
4400;63667
4401;63674
4402;63679
4403;63683
4404;63688
4405;63691
4406;63694
4407;63695
4408;63697
4409;63699
4410;63739
4411;63741
4412;63743
4413;63755
4414;63762
4415;63768
4416;63773
4417;63776
4418;63785
4419;63791
4420;63796
4421;63801
4422;63808
4423;63811
4424;63814
4425;63820
4426;63825
4427;63826
4428;63828
4429;63829
4430;63831
4431;63834
4432;63839
4433;63840
4434;63843
4435;63846
4436;63849
4437;63853
4438;63856
4439;63857
4440;63860
4441;63863
4442;63864
4443;63867
4444;63868
4445;63869
4446;63871
4447;63872
4448;63874
4449;63875
4450;63877
4451;63879
4452;63897
4453;63906
4454;63911
4455;63916
4456;63920
4457;63924
4458;63925
4459;63927
4460;63928
4461;63930
4462;63931
4463;63933
4464;63934
4465;63936
4466;63937
4467;63939
4468;64283
4469;64285
4470;64287
4471;64289
4472;64291
4473;64293
4474;64295
4475;64297
4476;64319
4477;64331
4478;64342
4479;64347
4480;64354
4481;64367
4482;64372
4483;64380
4484;64385
4485;64390
4486;64395
4487;64397
4488;64401
4489;64404
4490;64405
4491;64407
4492;64409
4493;64521
4494;64546
4495;64560
4496;64569
4497;64572
4498;64579
4499;64584
4500;64589
4501;64625
4502;64646
4503;64653
4504;64658
4505;64665
4506;64668
4507;64673
4508;64678
4509;64683
4510;64686
4511;64689
4512;64711
4513;64720
4514;64732
4515;64739
4516;64743
4517;64747
4518;64750
4519;64753
4520;64754
4521;64756
4522;64757
4523;64807
4524;64823
4525;64832
4526;64839
4527;64846
4528;64850
4529;64853
4530;64859
4531;65183
4532;65185
4533;65187
4534;65189
4535;65191
4536;65193
4537;65195
4538;65197
4539;65199
4540;65201
4541;65203
4542;65205
4543;65207
4544;65219
4545;65220
4546;65221
4547;65222
4548;65223
4549;65224
4550;65232
4551;65239
4552;65307
4553;65321
4554;65326
4555;65329
4556;65343
4557;65344
4558;65345
4559;65346
4560;65347
4561;65366
4562;65375
4563;65385
4564;65388
4565;65391
4566;65396
4567;65399
4568;65428
4569;65439
4570;65451
4571;65462
4572;65468
4573;65474
4574;65479
4575;65510
4576;65520
4577;65527
4578;65529
4579;65549
4580;65550
4581;65551
4582;65552
4583;65553
4584;65554
4585;65555
4586;65556
4587;65558
4588;65582
4589;65589
4590;65594
4591;65597
4592;65599
4593;65604
4594;65606
4595;65611
4596;65614
4597;65618
4598;65620
4599;65623
4600;65624
4601;65626
4602;65627
4603;65629
4604;65719
4605;65760
4606;65779
4607;65795
4608;65812
4609;65817
4610;65824
4611;65830
4612;65835
4613;65843
4614;65929
4615;65931
4616;65933
4617;65934
4618;65936
4619;66111
4620;66113
4621;66115
4622;66117
4623;66119
4624;66121
4625;66123
4626;66125
4627;66126
4628;66127
4629;66128
4630;66129
4631;66130
4632;66131
4633;66132
4634;66133
4635;66265
4636;66271
4637;66280
4638;66287
4639;66292
4640;66299
4641;66333
4642;66346
4643;66352
4644;66359
4645;66386
4646;66399
4647;66424
4648;66440
4649;66450
4650;66453
4651;66459
4652;66482
4653;66484
4654;66497
4655;66500
4656;66501
4657;66503
4658;66504
4659;66506
4660;66507
4661;66509
4662;66538
4663;66539
4664;66540
4665;66557
4666;66564
4667;66571
4668;66578
4669;66583
4670;66589
4671;66606
4672;66620
4673;66625
4674;66629
4675;66636
4676;66640
4677;66646
4678;66649
4679;66663
4680;66679
4681;66687
4682;66693
4683;66701
4684;66706
4685;66709
4686;66740
4687;66763
4688;66773
4689;66780
4690;66787
4691;66793
4692;66798
4693;66802
4694;66806
4695;66809
4696;66822
4697;66839
4698;66849
4699;66851
4700;66862
4701;66869
4702;66871
4703;66877
4704;66879
4705;66882
4706;66885
4707;66887
4708;66892
4709;66894
4710;66901
4711;66903
4712;66904
4713;66907
4714;66909
4715;66914
4716;66916
4717;66917
4718;66919
4719;66953
4720;66954
4721;66955
4722;66957
4723;66969
4724;66976
4725;66978
4726;66981
4727;66987
4728;66989
4729;66994
4730;66996
4731;66999
4732;67059
4733;67061
4734;67063
4735;67065
4736;67067
4737;67069
4738;67071
4739;67098
4740;67105
4741;67112
4742;67117
4743;67122
4744;67125
4745;67126
4746;67127
4747;67133
4748;67134
4749;67136
4750;67141
4751;67146
4752;67147
4753;67149
4754;67150
4755;67152
4756;67157
4757;67158
4758;67159
4759;67161
4760;67165
4761;67166
4762;67167
4763;67169
4764;67227
4765;67229
4766;67240
4767;67245
4768;67246
4769;67251
4770;67256
4771;67258
4772;67259
4773;67269
4774;67271
4775;67273
4776;67278
4777;67280
4778;67281
4779;67283
4780;67292
4781;67294
4782;67295
4783;67297
4784;67304
4785;67305
4786;67307
4787;67308
4788;67310
4789;67311
4790;67316
4791;67317
4792;67319
4793;67346
4794;67354
4795;67360
4796;67361
4797;67363
4798;67365
4799;67366
4800;67368
4801;67373
4802;67374
4803;67376
4804;67377
4805;67378
4806;67433
4807;67434
4808;67435
4809;67454
4810;67459
4811;67466
4812;67468
4813;67471
4814;67472
4815;67473
4816;67475
4817;67480
4818;67482
4819;67483
4820;67487
4821;67489
4822;67547
4823;67549
4824;67550
4825;67551
4826;67574
4827;67575
4828;67577
4829;67578
4830;67580
4831;67582
4832;67583
4833;67585
4834;67586
4835;67587
4836;67590
4837;67591
4838;67592
4839;67593
4840;67595
4841;67596
4842;67598
4843;67599
4844;67653
4845;67655
4846;67657
4847;67659
4848;67661
4849;67663
4850;67677
4851;67678
4852;67680
4853;67681
4854;67685
4855;67686
4856;67688
4857;67691
4858;67693
4859;67697
4860;67699
4861;67700
4862;67701
4863;67705
4864;67706
4865;67707
4866;67714
4867;67715
4868;67716
4869;67718
4870;67722
4871;67724
4872;67725
4873;67727
4874;67728
4875;67729
4876;67731
4877;67732
4878;67734
4879;67735
4880;67737
4881;67742
4882;67744
4883;67745
4884;67746
4885;67748
4886;67749
4887;67752
4888;67753
4889;67754
4890;67756
4891;67757
4892;67759
4893;67806
4894;67808
4895;67811
4896;67813
4897;67814
4898;67816
4899;67817
4900;67819
4901;67821
4902;67822
4903;67823
4904;67824
4905;67826
4906;67827
4907;67829
4908;68159
4909;68161
4910;68163
4911;68165
4912;68167
4913;68169
4914;68199
4915;68219
4916;68229
4917;68239
4918;68259
4919;68305
4920;68307
4921;68309
4922;68519
4923;68526
4924;68535
4925;68542
4926;68549
4927;68623
4928;68642
4929;68647
4930;68649
4931;68723
4932;68753
4933;68766
4934;68775
4935;68782
4936;68789
4937;68794
4938;68799
4939;68804
4940;68809
4941;69115
4942;69117
4943;69118
4944;69120
4945;69121
4946;69123
4947;69124
4948;69126
4949;69151
4950;69168
4951;69181
4952;69190
4953;69198
4954;69207
4955;69214
4956;69221
4957;69226
4958;69231
4959;69234
4960;69239
4961;69242
4962;69245
4963;69250
4964;69251
4965;69253
4966;69254
4967;69256
4968;69257
4969;69259
4970;69412
4971;69427
4972;69429
4973;69434
4974;69436
4975;69437
4976;69439
4977;69469
4978;69483
4979;69488
4980;69493
4981;69502
4982;69509
4983;69514
4984;69517
4985;69518
4986;70173
4987;70174
4988;70176
4989;70178
4990;70180
4991;70182
4992;70184
4993;70186
4994;70188
4995;70190
4996;70191
4997;70192
4998;70193
4999;70195
5000;70197
5001;70199
5002;70327
5003;70329
5004;70372
5005;70374
5006;70376
5007;70378
5008;70435
5009;70437
5010;70439
5011;70469
5012;70499
5013;70563
5014;70565
5015;70567
5016;70569
5017;70597
5018;70599
5019;70619
5020;70629
5021;70734
5022;70736
5023;70771
5024;70794
5025;70806
5026;70825
5027;70839
5028;71032
5029;71034
5030;71063
5031;71065
5032;71067
5033;71069
5034;71083
5035;71088
5036;71093
5037;71101
5038;71106
5039;71111
5040;71116
5041;71120
5042;71126
5043;71131
5044;71134
5045;71139
5046;71144
5047;71149
5048;71154
5049;71155
5050;71157
5051;71159
5052;71229
5053;71254
5054;71263
5055;71272
5056;71277
5057;71282
5058;71287
5059;71292
5060;71296
5061;71297
5062;71299
5063;71332
5064;71334
5065;71336
5066;71364
5067;71384
5068;71394
5069;71397
5070;71404
5071;71409
5072;71522
5073;71540
5074;71543
5075;71546
5076;71549
5077;71554
5078;71560
5079;71563
5080;71566
5081;71570
5082;71573
5083;71576
5084;71577
5085;71579
5086;71634
5087;71636
5088;71638
5089;71640
5090;71642
5091;71665
5092;71672
5093;71679
5094;71686
5095;71691
5096;71696
5097;71701
5098;71706
5099;71711
5100;71717
5101;71718
5102;71720
5103;71723
5104;71726
5105;71729
5106;71732
5107;71735
5108;71737
5109;71739
5110;72070
5111;72072
5112;72074
5113;72076
5114;72108
5115;72116
5116;72119
5117;72124
5118;72127
5119;72131
5120;72135
5121;72138
5122;72141
5123;72144
5124;72145
5125;72147
5126;72149
5127;72160
5128;72172
5129;72175
5130;72178
5131;72181
5132;72184
5133;72186
5134;72189
5135;72202
5136;72213
5137;72218
5138;72221
5139;72224
5140;72226
5141;72227
5142;72229
5143;72250
5144;72270
5145;72275
5146;72280
5147;72285
5148;72290
5149;72291
5150;72293
5151;72294
5152;72296
5153;72297
5154;72299
5155;72336
5156;72348
5157;72351
5158;72355
5159;72356
5160;72358
5161;72359
5162;72361
5163;72362
5164;72364
5165;72365
5166;72367
5167;72369
5168;72379
5169;72393
5170;72401
5171;72406
5172;72411
5173;72414
5174;72415
5175;72417
5176;72419
5177;72458
5178;72459
5179;72461
5180;72469
5181;72474
5182;72475
5183;72477
5184;72479
5185;72488
5186;72501
5187;72505
5188;72510
5189;72511
5190;72513
5191;72514
5192;72516
5193;72517
5194;72519
5195;72525
5196;72531
5197;72532
5198;72534
5199;72535
5200;72537
5201;72539
5202;72555
5203;72574
5204;72581
5205;72582
5206;72584
5207;72585
5208;72587
5209;72589
5210;72622
5211;72631
5212;72636
5213;72639
5214;72644
5215;72649
5216;72654
5217;72655
5218;72657
5219;72658
5220;72660
5221;72661
5222;72663
5223;72664
5224;72666
5225;72667
5226;72669
5227;72760
5228;72762
5229;72764
5230;72766
5231;72768
5232;72770
5233;72793
5234;72800
5235;72805
5236;72810
5237;72813
5238;72818
5239;72820
5240;72827
5241;72829
5242;73033
5243;73035
5244;73037
5245;73054
5246;73061
5247;73066
5248;73072
5249;73079
5250;73084
5251;73087
5252;73092
5253;73095
5254;73098
5255;73099
5256;73101
5257;73102
5258;73104
5259;73105
5260;73107
5261;73108
5262;73110
5263;73111
5264;73113
5265;73114
5266;73116
5267;73117
5268;73119
5269;73207
5270;73230
5271;73235
5272;73240
5273;73249
5274;73252
5275;73257
5276;73262
5277;73265
5278;73266
5279;73268
5280;73269
5281;73271
5282;73272
5283;73274
5284;73275
5285;73277
5286;73278
5287;73312
5288;73326
5289;73329
5290;73333
5291;73337
5292;73340
5293;73342
5294;73344
5295;73345
5296;73347
5297;73349
5298;73430
5299;73431
5300;73432
5301;73433
5302;73434
5303;73441
5304;73447
5305;73450
5306;73453
5307;73457
5308;73460
5309;73463
5310;73466
5311;73467
5312;73469
5313;73479
5314;73485
5315;73486
5316;73488
5317;73489
5318;73491
5319;73492
5320;73494
5321;73495
5322;73497
5323;73499
5324;73525
5325;73527
5326;73529
5327;73540
5328;73547
5329;73550
5330;73553
5331;73557
5332;73560
5333;73563
5334;73565
5335;73566
5336;73568
5337;73569
5338;73571
5339;73572
5340;73574
5341;73575
5342;73577
5343;73579
5344;73614
5345;73630
5346;73635
5347;73642
5348;73650
5349;73655
5350;73660
5351;73663
5352;73666
5353;73667
5354;73669
5355;73728
5356;73730
5357;73732
5358;73733
5359;73734
5360;73760
5361;73765
5362;73770
5363;73773
5364;73776
5365;73779
5366;74072
5367;74074
5368;74076
5369;74078
5370;74080
5371;74081
5372;74172
5373;74177
5374;74182
5375;74189
5376;74193
5377;74196
5378;74199
5379;74206
5380;74211
5381;74214
5382;74219
5383;74223
5384;74226
5385;74229
5386;74232
5387;74235
5388;74238
5389;74239
5390;74243
5391;74245
5392;74246
5393;74248
5394;74249
5395;74251
5396;74252
5397;74254
5398;74255
5399;74257
5400;74259
5401;74321
5402;74336
5403;74337
5404;74343
5405;74348
5406;74354
5407;74357
5408;74360
5409;74363
5410;74366
5411;74369
5412;74372
5413;74374
5414;74376
5415;74379
5416;74382
5417;74385
5418;74388
5419;74389
5420;74391
5421;74392
5422;74394
5423;74395
5424;74397
5425;74399
5426;74405
5427;74417
5428;74420
5429;74423
5430;74424
5431;74426
5432;74427
5433;74429
5434;74523
5435;74532
5436;74535
5437;74538
5438;74541
5439;74542
5440;74544
5441;74545
5442;74547
5443;74549
5444;74564
5445;74572
5446;74575
5447;74579
5448;74582
5449;74585
5450;74586
5451;74589
5452;74592
5453;74594
5454;74595
5455;74597
5456;74599
5457;74613
5458;74626
5459;74629
5460;74632
5461;74635
5462;74638
5463;74639
5464;74653
5465;74670
5466;74673
5467;74676
5468;74677
5469;74679
5470;74706
5471;74722
5472;74731
5473;74736
5474;74740
5475;74743
5476;74744
5477;74746
5478;74747
5479;74749
5480;74821
5481;74831
5482;74832
5483;74834
5484;74838
5485;74842
5486;74847
5487;74850
5488;74855
5489;74858
5490;74861
5491;74862
5492;74864
5493;74865
5494;74867
5495;74869
5496;74889
5497;74906
5498;74909
5499;74912
5500;74915
5501;74918
5502;74921
5503;74924
5504;74925
5505;74927
5506;74928
5507;74930
5508;74931
5509;74933
5510;74934
5511;74936
5512;74937
5513;74939
5514;75015
5515;75031
5516;75038
5517;75045
5518;75050
5519;75053
5520;75056
5521;75057
5522;75059
5523;75172
5524;75173
5525;75175
5526;75177
5527;75179
5528;75180
5529;75181
5530;75196
5531;75203
5532;75210
5533;75217
5534;75223
5535;75228
5536;75233
5537;75236
5538;75239
5539;75242
5540;75245
5541;75248
5542;75249
5543;75305
5544;75323
5545;75328
5546;75331
5547;75334
5548;75335
5549;75337
5550;75339
5551;75365
5552;75378
5553;75382
5554;75385
5555;75387
5556;75389
5557;75391
5558;75392
5559;75394
5560;75395
5561;75397
5562;75399
5563;75417
5564;75428
5565;75433
5566;75438
5567;75443
5568;75446
5569;75447
5570;75449
5571;76006
5572;76131
5573;76133
5574;76135
5575;76137
5576;76139
5577;76149
5578;76185
5579;76187
5580;76189
5581;76199
5582;76227
5583;76228
5584;76229
5585;76275
5586;76287
5587;76297
5588;76307
5589;76316
5590;76327
5591;76332
5592;76337
5593;76344
5594;76351
5595;76356
5596;76359
5597;76437
5598;76448
5599;76456
5600;76461
5601;76467
5602;76470
5603;76473
5604;76474
5605;76476
5606;76477
5607;76479
5608;76530
5609;76532
5610;76534
5611;76547
5612;76549
5613;76571
5614;76593
5615;76596
5616;76597
5617;76599
5618;76646
5619;76661
5620;76669
5621;76676
5622;76684
5623;76689
5624;76694
5625;76698
5626;76703
5627;76706
5628;76707
5629;76709
5630;76726
5631;76744
5632;76751
5633;76756
5634;76761
5635;76764
5636;76767
5637;76768
5638;76770
5639;76771
5640;76773
5641;76774
5642;76776
5643;76777
5644;76779
5645;76829
5646;76831
5647;76833
5648;76835
5649;76846
5650;76848
5651;76855
5652;76857
5653;76863
5654;76865
5655;76870
5656;76872
5657;76877
5658;76879
5659;76887
5660;76889
5661;76891
5662;77652
5663;77654
5664;77656
5665;77694
5666;77704
5667;77709
5668;77716
5669;77723
5670;77728
5671;77731
5672;77736
5673;77740
5674;77743
5675;77746
5676;77749
5677;77756
5678;77761
5679;77767
5680;77770
5681;77773
5682;77776
5683;77781
5684;77784
5685;77787
5686;77790
5687;77791
5688;77793
5689;77794
5690;77796
5691;77797
5692;77799
5693;77815
5694;77830
5695;77833
5696;77836
5697;77839
5698;77855
5699;77866
5700;77871
5701;77876
5702;77880
5703;77883
5704;77886
5705;77887
5706;77889
5707;77933
5708;77944
5709;77948
5710;77955
5711;77960
5712;77963
5713;77966
5714;77971
5715;77972
5716;77974
5717;77975
5718;77977
5719;77978
5720;78048
5721;78050
5722;78052
5723;78054
5724;78056
5725;78073
5726;78078
5727;78083
5728;78086
5729;78087
5730;78089
5731;78098
5732;78112
5733;78120
5734;78126
5735;78132
5736;78136
5737;78141
5738;78144
5739;78147
5740;78148
5741;78166
5742;78176
5743;78183
5744;78187
5745;78194
5746;78199
5747;78224
5748;78234
5749;78239
5750;78244
5751;78247
5752;78250
5753;78253
5754;78256
5755;78259
5756;78262
5757;78266
5758;78267
5759;78269
5760;78315
5761;78333
5762;78337
5763;78343
5764;78345
5765;78351
5766;78354
5767;78355
5768;78357
5769;78359
5770;78462
5771;78464
5772;78465
5773;78467
5774;78476
5775;78479
5776;78532
5777;78549
5778;78554
5779;78559
5780;78564
5781;78567
5782;78570
5783;78573
5784;78576
5785;78579
5786;78580
5787;78582
5788;78583
5789;78585
5790;78586
5791;78588
5792;78589
5793;78591
5794;78592
5795;78594
5796;78595
5797;78597
5798;78598
5799;78600
5800;78601
5801;78603
5802;78604
5803;78606
5804;78607
5805;78609
5806;78628
5807;78647
5808;78652
5809;78655
5810;78658
5811;78661
5812;78662
5813;78664
5814;78665
5815;78667
5816;78669
5817;78713
5818;78727
5819;78730
5820;78733
5821;78736
5822;78737
5823;78739
5824;79098
5825;79100
5826;79102
5827;79104
5828;79106
5829;79108
5830;79110
5831;79111
5832;79112
5833;79114
5834;79115
5835;79117
5836;79183
5837;79189
5838;79194
5839;79199
5840;79206
5841;79211
5842;79215
5843;79219
5844;79224
5845;79227
5846;79232
5847;79235
5848;79238
5849;79241
5850;79244
5851;79249
5852;79252
5853;79254
5854;79256
5855;79258
5856;79261
5857;79263
5858;79268
5859;79271
5860;79274
5861;79276
5862;79279
5863;79280
5864;79282
5865;79283
5866;79285
5867;79286
5868;79288
5869;79289
5870;79291
5871;79292
5872;79294
5873;79295
5874;79297
5875;79299
5876;79312
5877;79331
5878;79336
5879;79341
5880;79346
5881;79348
5882;79350
5883;79353
5884;79356
5885;79359
5886;79361
5887;79362
5888;79364
5889;79365
5890;79367
5891;79369
5892;79379
5893;79395
5894;79400
5895;79410
5896;79415
5897;79418
5898;79423
5899;79424
5900;79426
5901;79427
5902;79429
5903;79513
5904;79539
5905;79540
5906;79541
5907;79576
5908;79578
5909;79585
5910;79588
5911;79589
5912;79591
5913;79592
5914;79594
5915;79595
5916;79597
5917;79599
5918;79618
5919;79639
5920;79650
5921;79664
5922;79669
5923;79674
5924;79677
5925;79682
5926;79683
5927;79685
5928;79686
5929;79688
5930;79689
5931;79691
5932;79692
5933;79694
5934;79695
5935;79697
5936;79699
5937;79713
5938;79725
5939;79730
5940;79733
5941;79736
5942;79737
5943;79739
5944;79761
5945;79771
5946;79774
5947;79777
5948;79780
5949;79787
5950;79790
5951;79793
5952;79798
5953;79801
5954;79802
5955;79804
5956;79805
5957;79807
5958;79809
5959;79822
5960;79837
5961;79843
5962;79848
5963;79853
5964;79856
5965;79859
5966;79862
5967;79865
5968;79868
5969;79871
5970;79872
5971;79874
5972;79875
5973;79877
5974;79879
5975;80331
5976;80333
5977;80335
5978;80336
5979;80337
5980;80339
5981;80469
5982;80538
5983;80539
5984;80634
5985;80636
5986;80637
5987;80638
5988;80639
5989;80686
5990;80687
5991;80689
5992;80796
5993;80797
5994;80798
5995;80799
5996;80801
5997;80802
5998;80803
5999;80804
6000;80805
6001;80807
6002;80809
6003;80933
6004;80935
6005;80937
6006;80939
6007;80992
6008;80993
6009;80995
6010;80997
6011;80999
6012;81241
6013;81243
6014;81245
6015;81247
6016;81248
6017;81249
6018;81369
6019;81371
6020;81373
6021;81375
6022;81377
6023;81379
6024;81475
6025;81476
6026;81477
6027;81479
6028;81539
6029;81541
6030;81543
6031;81545
6032;81547
6033;81549
6034;81667
6035;81669
6036;81671
6037;81673
6038;81675
6039;81677
6040;81679
6041;81735
6042;81737
6043;81739
6044;81825
6045;81827
6046;81829
6047;81925
6048;81927
6049;81929
6050;82008
6051;82024
6052;82031
6053;82032
6054;82041
6055;82049
6056;82054
6057;82057
6058;82061
6059;82064
6060;82065
6061;82067
6062;82069
6063;82110
6064;82131
6065;82140
6066;82152
6067;82166
6068;82178
6069;82194
6070;82205
6071;82211
6072;82216
6073;82223
6074;82229
6075;82234
6076;82237
6077;82239
6078;82256
6079;82266
6080;82269
6081;82272
6082;82275
6083;82276
6084;82278
6085;82279
6086;82281
6087;82282
6088;82284
6089;82285
6090;82287
6091;82288
6092;82290
6093;82291
6094;82293
6095;82294
6096;82296
6097;82297
6098;82299
6099;82319
6100;82327
6101;82335
6102;82340
6103;82343
6104;82346
6105;82347
6106;82349
6107;82362
6108;82377
6109;82380
6110;82383
6111;82386
6112;82387
6113;82389
6114;82390
6115;82392
6116;82393
6117;82395
6118;82396
6119;82398
6120;82399
6121;82401
6122;82402
6123;82404
6124;82405
6125;82407
6126;82409
6127;82418
6128;82431
6129;82432
6130;82433
6131;82435
6132;82436
6133;82438
6134;82439
6135;82441
6136;82442
6137;82444
6138;82445
6139;82447
6140;82449
6141;82467
6142;82481
6143;82487
6144;82488
6145;82490
6146;82491
6147;82493
6148;82494
6149;82496
6150;82497
6151;82499
6152;82515
6153;82538
6154;82541
6155;82544
6156;82547
6157;82549
6158;83022
6159;83024
6160;83026
6161;83043
6162;83052
6163;83059
6164;83064
6165;83071
6166;83075
6167;83080
6168;83083
6169;83088
6170;83093
6171;83098
6172;83101
6173;83104
6174;83109
6175;83112
6176;83115
6177;83119
6178;83122
6179;83123
6180;83125
6181;83126
6182;83128
6183;83129
6184;83131
6185;83132
6186;83134
6187;83135
6188;83137
6189;83139
6190;83209
6191;83224
6192;83229
6193;83233
6194;83236
6195;83242
6196;83246
6197;83250
6198;83253
6199;83254
6200;83256
6201;83257
6202;83259
6203;83278
6204;83301
6205;83308
6206;83313
6207;83317
6208;83324
6209;83329
6210;83334
6211;83339
6212;83342
6213;83344
6214;83346
6215;83349
6216;83352
6217;83355
6218;83358
6219;83359
6220;83361
6221;83362
6222;83364
6223;83365
6224;83367
6225;83368
6226;83370
6227;83371
6228;83373
6229;83374
6230;83376
6231;83377
6232;83379
6233;83395
6234;83404
6235;83410
6236;83413
6237;83416
6238;83417
6239;83435
6240;83451
6241;83454
6242;83457
6243;83458
6244;83471
6245;83483
6246;83486
6247;83487
6248;83489
6249;83512
6250;83527
6251;83530
6252;83533
6253;83536
6254;83539
6255;83543
6256;83544
6257;83546
6258;83547
6259;83549
6260;83550
6261;83552
6262;83553
6263;83555
6264;83556
6265;83558
6266;83559
6267;83561
6268;83562
6269;83564
6270;83565
6271;83567
6272;83569
6273;83607
6274;83620
6275;83623
6276;83624
6277;83626
6278;83627
6279;83629
6280;83646
6281;83661
6282;83666
6283;83670
6284;83671
6285;83673
6286;83674
6287;83676
6288;83677
6289;83679
6290;83684
6291;83700
6292;83703
6293;83707
6294;83708
6295;83714
6296;83727
6297;83730
6298;83734
6299;83735
6300;83737
6301;83739
6302;84028
6303;84030
6304;84032
6305;84034
6306;84036
6307;84048
6308;84051
6309;84056
6310;84061
6311;84066
6312;84069
6313;84072
6314;84076
6315;84079
6316;84082
6317;84085
6318;84088
6319;84089
6320;84091
6321;84092
6322;84094
6323;84095
6324;84097
6325;84098
6326;84100
6327;84101
6328;84103
6329;84104
6330;84106
6331;84107
6332;84109
6333;84130
6334;84137
6335;84140
6336;84144
6337;84149
6338;84152
6339;84155
6340;84160
6341;84163
6342;84164
6343;84166
6344;84168
6345;84169
6346;84171
6347;84172
6348;84174
6349;84175
6350;84177
6351;84178
6352;84180
6353;84181
6354;84183
6355;84184
6356;84186
6357;84187
6358;84189
6359;84307
6360;84323
6361;84326
6362;84329
6363;84332
6364;84333
6365;84335
6366;84337
6367;84339
6368;84347
6369;84359
6370;84364
6371;84367
6372;84371
6373;84375
6374;84378
6375;84381
6376;84384
6377;84385
6378;84387
6379;84389
6380;84405
6381;84416
6382;84419
6383;84424
6384;84427
6385;84428
6386;84431
6387;84432
6388;84434
6389;84435
6390;84437
6391;84439
6392;84453
6393;84478
6394;84489
6395;84494
6396;84503
6397;84508
6398;84513
6399;84518
6400;84524
6401;84529
6402;84533
6403;84539
6404;84543
6405;84544
6406;84546
6407;84547
6408;84549
6409;84550
6410;84552
6411;84553
6412;84555
6413;84556
6414;84558
6415;84559
6416;84561
6417;84562
6418;84564
6419;84565
6420;84567
6421;84568
6422;84570
6423;84571
6424;84573
6425;84574
6426;84576
6427;84577
6428;84579
6429;85049
6430;85051
6431;85053
6432;85055
6433;85057
6434;85072
6435;85077
6436;85080
6437;85084
6438;85088
6439;85092
6440;85095
6441;85098
6442;85101
6443;85104
6444;85107
6445;85110
6446;85111
6447;85113
6448;85114
6449;85116
6450;85117
6451;85119
6452;85120
6453;85122
6454;85123
6455;85125
6456;85126
6457;85128
6458;85129
6459;85131
6460;85132
6461;85134
6462;85135
6463;85137
6464;85139
6465;85221
6466;85229
6467;85232
6468;85235
6469;85238
6470;85241
6471;85244
6472;85247
6473;85250
6474;85253
6475;85254
6476;85256
6477;85258
6478;85259
6479;85276
6480;85283
6481;85290
6482;85293
6483;85296
6484;85298
6485;85301
6486;85302
6487;85304
6488;85305
6489;85307
6490;85309
6491;85354
6492;85356
6493;85368
6494;85375
6495;85376
6496;85386
6497;85391
6498;85395
6499;85399
6500;85402
6501;85405
6502;85406
6503;85408
6504;85410
6505;85411
6506;85413
6507;85414
6508;85416
6509;85417
6510;85419
6511;85435
6512;85445
6513;85447
6514;85452
6515;85456
6516;85457
6517;85459
6518;85461
6519;85462
6520;85464
6521;85465
6522;85467
6523;85469
6524;85521
6525;85540
6526;85551
6527;85560
6528;85567
6529;85570
6530;85579
6531;85586
6532;85591
6533;85598
6534;85599
6535;85604
6536;85609
6537;85614
6538;85617
6539;85622
6540;85625
6541;85630
6542;85635
6543;85640
6544;85643
6545;85646
6546;85649
6547;85652
6548;85653
6549;85655
6550;85656
6551;85658
6552;85659
6553;85661
6554;85662
6555;85664
6556;85665
6557;85667
6558;85669
6559;85716
6560;85737
6561;85748
6562;85757
6563;85764
6564;85774
6565;85777
6566;85778
6567;86150
6568;86152
6569;86153
6570;86154
6571;86156
6572;86157
6573;86159
6574;86161
6575;86163
6576;86165
6577;86167
6578;86169
6579;86179
6580;86199
6581;86316
6582;86343
6583;86356
6584;86368
6585;86381
6586;86391
6587;86399
6588;86405
6589;86415
6590;86420
6591;86424
6592;86438
6593;86441
6594;86444
6595;86447
6596;86450
6597;86453
6598;86456
6599;86459
6600;86462
6601;86465
6602;86470
6603;86473
6604;86476
6605;86477
6606;86479
6607;86480
6608;86482
6609;86483
6610;86485
6611;86486
6612;86488
6613;86489
6614;86491
6615;86492
6616;86494
6617;86495
6618;86497
6619;86498
6620;86500
6621;86502
6622;86504
6623;86505
6624;86507
6625;86508
6626;86510
6627;86511
6628;86513
6629;86514
6630;86517
6631;86519
6632;86529
6633;86551
6634;86554
6635;86556
6636;86558
6637;86559
6638;86561
6639;86562
6640;86564
6641;86565
6642;86567
6643;86568
6644;86570
6645;86571
6646;86573
6647;86574
6648;86576
6649;86577
6650;86579
6651;86609
6652;86633
6653;86637
6654;86641
6655;86643
6656;86647
6657;86650
6658;86653
6659;86655
6660;86657
6661;86660
6662;86663
6663;86666
6664;86668
6665;86669
6666;86672
6667;86673
6668;86674
6669;86675
6670;86676
6671;86678
6672;86679
6673;86681
6674;86682
6675;86684
6676;86685
6677;86687
6678;86688
6679;86690
6680;86692
6681;86694
6682;86695
6683;86697
6684;86698
6685;86700
6686;86701
6687;86703
6688;86704
6689;86706
6690;86707
6691;86709
6692;86720
6693;86732
6694;86733
6695;86735
6696;86736
6697;86738
6698;86739
6699;86741
6700;86742
6701;86744
6702;86745
6703;86747
6704;86748
6705;86750
6706;86751
6707;86753
6708;86754
6709;86756
6710;86757
6711;86759
6712;86807
6713;86825
6714;86830
6715;86833
6716;86836
6717;86842
6718;86845
6719;86850
6720;86853
6721;86854
6722;86856
6723;86857
6724;86859
6725;86860
6726;86862
6727;86863
6728;86865
6729;86866
6730;86868
6731;86869
6732;86871
6733;86872
6734;86874
6735;86875
6736;86877
6737;86879
6738;86899
6739;86911
6740;86916
6741;86919
6742;86920
6743;86922
6744;86923
6745;86925
6746;86926
6747;86928
6748;86929
6749;86931
6750;86932
6751;86934
6752;86935
6753;86937
6754;86938
6755;86940
6756;86941
6757;86943
6758;86944
6759;86946
6760;86947
6761;86949
6762;86956
6763;86971
6764;86972
6765;86974
6766;86975
6767;86977
6768;86978
6769;86980
6770;86981
6771;86983
6772;86984
6773;86986
6774;86987
6775;86989
6776;87435
6777;87437
6778;87439
6779;87448
6780;87452
6781;87459
6782;87463
6783;87466
6784;87471
6785;87474
6786;87477
6787;87480
6788;87484
6789;87487
6790;87488
6791;87490
6792;87491
6793;87493
6794;87494
6795;87496
6796;87497
6797;87499
6798;87509
6799;87527
6800;87534
6801;87538
6802;87541
6803;87544
6804;87545
6805;87547
6806;87549
6807;87561
6808;87600
6809;87616
6810;87629
6811;87634
6812;87637
6813;87640
6814;87642
6815;87645
6816;87647
6817;87648
6818;87650
6819;87651
6820;87653
6821;87654
6822;87656
6823;87657
6824;87659
6825;87660
6826;87662
6827;87663
6828;87665
6829;87666
6830;87668
6831;87669
6832;87671
6833;87672
6834;87674
6835;87675
6836;87677
6837;87679
6838;87700
6839;87719
6840;87724
6841;87727
6842;87730
6843;87733
6844;87734
6845;87736
6846;87737
6847;87739
6848;87740
6849;87742
6850;87743
6851;87745
6852;87746
6853;87748
6854;87749
6855;87751
6856;87752
6857;87754
6858;87755
6859;87757
6860;87758
6861;87760
6862;87761
6863;87763
6864;87764
6865;87766
6866;87767
6867;87769
6868;87770
6869;87772
6870;87773
6871;87775
6872;87776
6873;87778
6874;87779
6875;87781
6876;87782
6877;87784
6878;87785
6879;87787
6880;87789
6881;88045
6882;88046
6883;88048
6884;88069
6885;88074
6886;88079
6887;88085
6888;88086
6889;88090
6890;88094
6891;88097
6892;88099
6893;88131
6894;88138
6895;88142
6896;88145
6897;88147
6898;88149
6899;88161
6900;88167
6901;88171
6902;88175
6903;88178
6904;88179
6905;88212
6906;88213
6907;88214
6908;88239
6909;88250
6910;88255
6911;88260
6912;88263
6913;88267
6914;88271
6915;88273
6916;88276
6917;88279
6918;88281
6919;88284
6920;88285
6921;88287
6922;88289
6923;88299
6924;88316
6925;88317
6926;88319
6927;88326
6928;88339
6929;88348
6930;88353
6931;88356
6932;88361
6933;88364
6934;88367
6935;88368
6936;88370
6937;88371
6938;88373
6939;88374
6940;88376
6941;88377
6942;88379
6943;88400
6944;88410
6945;88416
6946;88422
6947;88427
6948;88430
6949;88433
6950;88436
6951;88437
6952;88441
6953;88444
6954;88447
6955;88448
6956;88450
6957;88451
6958;88453
6959;88454
6960;88456
6961;88457
6962;88459
6963;88471
6964;88477
6965;88480
6966;88481
6967;88483
6968;88484
6969;88486
6970;88487
6971;88489
6972;88499
6973;88512
6974;88515
6975;88518
6976;88521
6977;88524
6978;88525
6979;88527
6980;88529
6981;88605
6982;88630
6983;88631
6984;88633
6985;88634
6986;88636
6987;88637
6988;88639
6989;88662
6990;88677
6991;88682
6992;88690
6993;88693
6994;88696
6995;88697
6996;88699
6997;88709
6998;88718
6999;88719
7000;89040
7001;89073
7002;89075
7003;89077
7004;89079
7005;89081
7006;89129
7007;89134
7008;89143
7009;89150
7010;89155
7011;89160
7012;89165
7013;89168
7014;89171
7015;89173
7016;89174
7017;89176
7018;89177
7019;89179
7020;89180
7021;89182
7022;89183
7023;89185
7024;89186
7025;89188
7026;89189
7027;89191
7028;89192
7029;89194
7030;89195
7031;89197
7032;89198
7033;89231
7034;89233
7035;89250
7036;89257
7037;89264
7038;89269
7039;89275
7040;89278
7041;89281
7042;89284
7043;89287
7044;89290
7045;89291
7046;89293
7047;89294
7048;89296
7049;89297
7050;89299
7051;89312
7052;89331
7053;89335
7054;89340
7055;89343
7056;89344
7057;89346
7058;89347
7059;89349
7060;89350
7061;89352
7062;89353
7063;89355
7064;89356
7065;89358
7066;89359
7067;89361
7068;89362
7069;89364
7070;89365
7071;89367
7072;89368
7073;89407
7074;89415
7075;89420
7076;89423
7077;89426
7078;89428
7079;89429
7080;89431
7081;89432
7082;89434
7083;89435
7084;89437
7085;89438
7086;89440
7087;89441
7088;89443
7089;89444
7090;89446
7091;89447
7092;89449
7093;89518
7094;89520
7095;89522
7096;89537
7097;89542
7098;89547
7099;89551
7100;89555
7101;89558
7102;89561
7103;89564
7104;89567
7105;89568
7106;89584
7107;89597
7108;89601
7109;89604
7110;89605
7111;89607
7112;89608
7113;89610
7114;89611
7115;89613
7116;89614
7117;89616
7118;89617
7119;89619
7120;90402
7121;90403
7122;90408
7123;90409
7124;90411
7125;90419
7126;90425
7127;90427
7128;90429
7129;90431
7130;90439
7131;90441
7132;90443
7133;90449
7134;90451
7135;90453
7136;90455
7137;90457
7138;90459
7139;90461
7140;90469
7141;90471
7142;90473
7143;90475
7144;90478
7145;90480
7146;90482
7147;90489
7148;90491
7149;90513
7150;90518
7151;90522
7152;90530
7153;90537
7154;90542
7155;90547
7156;90552
7157;90556
7158;90559
7159;90562
7160;90571
7161;90574
7162;90579
7163;90584
7164;90587
7165;90592
7166;90596
7167;90599
7168;90602
7169;90607
7170;90610
7171;90613
7172;90614
7173;90616
7174;90617
7175;90619
7176;90762
7177;90763
7178;90765
7179;90766
7180;90768
7181;91052
7182;91054
7183;91056
7184;91058
7185;91074
7186;91077
7187;91080
7188;91083
7189;91085
7190;91086
7191;91088
7192;91090
7193;91091
7194;91093
7195;91094
7196;91096
7197;91097
7198;91099
7199;91126
7200;91154
7201;91161
7202;91166
7203;91171
7204;91174
7205;91177
7206;91180
7207;91183
7208;91186
7209;91187
7210;91189
7211;91207
7212;91217
7213;91220
7214;91224
7215;91227
7216;91230
7217;91233
7218;91235
7219;91236
7220;91238
7221;91239
7222;91241
7223;91242
7224;91244
7225;91245
7226;91247
7227;91249
7228;91257
7229;91275
7230;91278
7231;91281
7232;91282
7233;91284
7234;91286
7235;91287
7236;91289
7237;91301
7238;91315
7239;91320
7240;91322
7241;91325
7242;91327
7243;91330
7244;91332
7245;91334
7246;91336
7247;91338
7248;91341
7249;91344
7250;91346
7251;91347
7252;91349
7253;91350
7254;91352
7255;91353
7256;91355
7257;91356
7258;91358
7259;91359
7260;91361
7261;91362
7262;91364
7263;91365
7264;91367
7265;91369
7266;91413
7267;91438
7268;91443
7269;91448
7270;91452
7271;91456
7272;91459
7273;91460
7274;91462
7275;91463
7276;91465
7277;91466
7278;91468
7279;91469
7280;91471
7281;91472
7282;91474
7283;91475
7284;91477
7285;91478
7286;91480
7287;91481
7288;91483
7289;91484
7290;91486
7291;91487
7292;91489
7293;91522
7294;91541
7295;91550
7296;91555
7297;91560
7298;91564
7299;91567
7300;91572
7301;91575
7302;91578
7303;91580
7304;91583
7305;91586
7306;91587
7307;91589
7308;91590
7309;91592
7310;91593
7311;91595
7312;91596
7313;91598
7314;91599
7315;91601
7316;91602
7317;91604
7318;91605
7319;91607
7320;91608
7321;91610
7322;91611
7323;91613
7324;91614
7325;91616
7326;91617
7327;91619
7328;91620
7329;91622
7330;91623
7331;91625
7332;91626
7333;91628
7334;91629
7335;91631
7336;91632
7337;91634
7338;91635
7339;91637
7340;91639
7341;91710
7342;91717
7343;91719
7344;91720
7345;91722
7346;91723
7347;91725
7348;91726
7349;91728
7350;91729
7351;91731
7352;91732
7353;91734
7354;91735
7355;91737
7356;91738
7357;91740
7358;91741
7359;91743
7360;91744
7361;91746
7362;91747
7363;91749
7364;91757
7365;91781
7366;91785
7367;91788
7368;91790
7369;91792
7370;91793
7371;91795
7372;91796
7373;91798
7374;91799
7375;91801
7376;91802
7377;91804
7378;91805
7379;91807
7380;91809
7381;92224
7382;92237
7383;92242
7384;92245
7385;92249
7386;92253
7387;92256
7388;92259
7389;92260
7390;92262
7391;92263
7392;92265
7393;92266
7394;92268
7395;92269
7396;92271
7397;92272
7398;92274
7399;92275
7400;92277
7401;92278
7402;92280
7403;92281
7404;92283
7405;92284
7406;92286
7407;92287
7408;92289
7409;92318
7410;92331
7411;92334
7412;92339
7413;92342
7414;92345
7415;92348
7416;92353
7417;92355
7418;92358
7419;92360
7420;92361
7421;92363
7422;92364
7423;92366
7424;92367
7425;92369
7426;92421
7427;92431
7428;92436
7429;92439
7430;92442
7431;92444
7432;92445
7433;92447
7434;92449
7435;92507
7436;92521
7437;92526
7438;92533
7439;92536
7440;92539
7441;92540
7442;92542
7443;92543
7444;92545
7445;92546
7446;92548
7447;92549
7448;92551
7449;92552
7450;92554
7451;92555
7452;92557
7453;92559
7454;92637
7455;92648
7456;92655
7457;92660
7458;92665
7459;92670
7460;92676
7461;92681
7462;92685
7463;92690
7464;92693
7465;92694
7466;92696
7467;92697
7468;92699
7469;92700
7470;92702
7471;92703
7472;92705
7473;92706
7474;92708
7475;92709
7476;92711
7477;92712
7478;92714
7479;92715
7480;92717
7481;92718
7482;92720
7483;92721
7484;92723
7485;92724
7486;92726
7487;92727
7488;92729
7489;93047
7490;93049
7491;93051
7492;93053
7493;93055
7494;93057
7495;93059
7496;93073
7497;93077
7498;93080
7499;93083
7500;93086
7501;93087
7502;93089
7503;93090
7504;93092
7505;93093
7506;93095
7507;93096
7508;93098
7509;93099
7510;93101
7511;93102
7512;93104
7513;93105
7514;93107
7515;93109
7516;93128
7517;93133
7518;93138
7519;93142
7520;93149
7521;93152
7522;93155
7523;93158
7524;93161
7525;93164
7526;93167
7527;93170
7528;93173
7529;93176
7530;93177
7531;93179
7532;93180
7533;93182
7534;93183
7535;93185
7536;93186
7537;93188
7538;93189
7539;93191
7540;93192
7541;93194
7542;93195
7543;93197
7544;93199
7545;93309
7546;93326
7547;93333
7548;93336
7549;93339
7550;93342
7551;93343
7552;93345
7553;93346
7554;93348
7555;93349
7556;93351
7557;93352
7558;93354
7559;93356
7560;93358
7561;93359
7562;93413
7563;93426
7564;93437
7565;93444
7566;93449
7567;93453
7568;93455
7569;93458
7570;93462
7571;93464
7572;93466
7573;93468
7574;93470
7575;93471
7576;93473
7577;93474
7578;93476
7579;93477
7580;93479
7581;93480
7582;93482
7583;93483
7584;93485
7585;93486
7586;93488
7587;93489
7588;93491
7589;93492
7590;93494
7591;93495
7592;93497
7593;93499
7594;94032
7595;94034
7596;94036
7597;94051
7598;94060
7599;94065
7600;94072
7601;94078
7602;94081
7603;94086
7604;94089
7605;94094
7606;94099
7607;94104
7608;94107
7609;94110
7610;94113
7611;94116
7612;94118
7613;94121
7614;94124
7615;94127
7616;94130
7617;94133
7618;94136
7619;94137
7620;94139
7621;94140
7622;94142
7623;94143
7624;94145
7625;94146
7626;94148
7627;94149
7628;94151
7629;94152
7630;94154
7631;94155
7632;94157
7633;94158
7634;94160
7635;94161
7636;94163
7637;94164
7638;94166
7639;94167
7640;94169
7641;94209
7642;94227
7643;94234
7644;94239
7645;94244
7646;94249
7647;94250
7648;94252
7649;94253
7650;94255
7651;94256
7652;94258
7653;94259
7654;94261
7655;94262
7656;94264
7657;94265
7658;94267
7659;94269
7660;94315
7661;94327
7662;94330
7663;94333
7664;94336
7665;94339
7666;94342
7667;94344
7668;94345
7669;94347
7670;94348
7671;94350
7672;94351
7673;94353
7674;94354
7675;94356
7676;94357
7677;94359
7678;94360
7679;94362
7680;94363
7681;94365
7682;94366
7683;94368
7684;94369
7685;94371
7686;94372
7687;94374
7688;94375
7689;94377
7690;94379
7691;94405
7692;94419
7693;94424
7694;94428
7695;94431
7696;94436
7697;94437
7698;94439
7699;94447
7700;94469
7701;94474
7702;94481
7703;94486
7704;94491
7705;94496
7706;94501
7707;94505
7708;94508
7709;94513
7710;94518
7711;94522
7712;94526
7713;94527
7714;94529
7715;94530
7716;94532
7717;94533
7718;94535
7719;94536
7720;94538
7721;94539
7722;94541
7723;94542
7724;94544
7725;94545
7726;94547
7727;94548
7728;94550
7729;94551
7730;94553
7731;94554
7732;94556
7733;94557
7734;94559
7735;94560
7736;94562
7737;94563
7738;94565
7739;94566
7740;94568
7741;94569
7742;94571
7743;94572
7744;94574
7745;94575
7746;94577
7747;94579
7748;95028
7749;95030
7750;95032
7751;95100
7752;95111
7753;95119
7754;95126
7755;95131
7756;95138
7757;95145
7758;95152
7759;95158
7760;95163
7761;95168
7762;95173
7763;95176
7764;95179
7765;95180
7766;95182
7767;95183
7768;95185
7769;95186
7770;95188
7771;95189
7772;95191
7773;95192
7774;95194
7775;95195
7776;95197
7777;95199
7778;95213
7779;95233
7780;95234
7781;95236
7782;95237
7783;95239
7784;95326
7785;95336
7786;95339
7787;95346
7788;95349
7789;95352
7790;95355
7791;95356
7792;95358
7793;95359
7794;95361
7795;95362
7796;95364
7797;95365
7798;95367
7799;95369
7800;95444
7801;95445
7802;95447
7803;95448
7804;95460
7805;95463
7806;95466
7807;95469
7808;95473
7809;95478
7810;95482
7811;95485
7812;95488
7813;95490
7814;95491
7815;95493
7816;95494
7817;95496
7818;95497
7819;95499
7820;95500
7821;95502
7822;95503
7823;95505
7824;95506
7825;95508
7826;95509
7827;95511
7828;95512
7829;95514
7830;95515
7831;95517
7832;95519
7833;95615
7834;95632
7835;95643
7836;95652
7837;95659
7838;95666
7839;95671
7840;95676
7841;95679
7842;95680
7843;95682
7844;95683
7845;95685
7846;95686
7847;95688
7848;95689
7849;95691
7850;95692
7851;95694
7852;95695
7853;95697
7854;95698
7855;95700
7856;95701
7857;95703
7858;95704
7859;95706
7860;95707
7861;95709
7862;96047
7863;96049
7864;96050
7865;96052
7866;96103
7867;96106
7868;96110
7869;96114
7870;96117
7871;96120
7872;96123
7873;96126
7874;96129
7875;96132
7876;96135
7877;96138
7878;96142
7879;96145
7880;96146
7881;96148
7882;96149
7883;96151
7884;96152
7885;96154
7886;96155
7887;96157
7888;96158
7889;96160
7890;96161
7891;96163
7892;96164
7893;96166
7894;96167
7895;96169
7896;96170
7897;96172
7898;96173
7899;96175
7900;96176
7901;96178
7902;96179
7903;96181
7904;96182
7905;96184
7906;96185
7907;96187
7908;96188
7909;96190
7910;96191
7911;96193
7912;96194
7913;96196
7914;96197
7915;96199
7916;96215
7917;96224
7918;96231
7919;96237
7920;96242
7921;96247
7922;96250
7923;96253
7924;96257
7925;96260
7926;96264
7927;96268
7928;96269
7929;96271
7930;96272
7931;96274
7932;96275
7933;96277
7934;96279
7935;96317
7936;96328
7937;96332
7938;96337
7939;96342
7940;96346
7941;96349
7942;96352
7943;96355
7944;96358
7945;96361
7946;96364
7947;96365
7948;96367
7949;96369
7950;96450
7951;96465
7952;96472
7953;96476
7954;96479
7955;96482
7956;96484
7957;96486
7958;96487
7959;96489
7960;96515
7961;96523
7962;96524
7963;96528
7964;97070
7965;97072
7966;97074
7967;97076
7968;97078
7969;97080
7970;97082
7971;97084
7972;97199
7973;97204
7974;97209
7975;97215
7976;97218
7977;97222
7978;97225
7979;97228
7980;97230
7981;97232
7982;97234
7983;97236
7984;97237
7985;97239
7986;97241
7987;97243
7988;97244
7989;97246
7990;97247
7991;97249
7992;97250
7993;97252
7994;97253
7995;97255
7996;97256
7997;97258
7998;97259
7999;97261
8000;97262
8001;97264
8002;97265
8003;97267
8004;97268
8005;97270
8006;97271
8007;97273
8008;97274
8009;97276
8010;97277
8011;97279
8012;97280
8013;97282
8014;97283
8015;97285
8016;97286
8017;97288
8018;97289
8019;97291
8020;97292
8021;97294
8022;97295
8023;97297
8024;97299
8025;97318
8026;97320
8027;97332
8028;97334
8029;97337
8030;97340
8031;97342
8032;97346
8033;97348
8034;97350
8035;97353
8036;97355
8037;97357
8038;97359
8039;97412
8040;97421
8041;97422
8042;97424
8043;97437
8044;97440
8045;97447
8046;97450
8047;97453
8048;97456
8049;97461
8050;97464
8051;97469
8052;97475
8053;97478
8054;97483
8055;97486
8056;97488
8057;97490
8058;97491
8059;97493
8060;97494
8061;97496
8062;97497
8063;97499
8064;97500
8065;97502
8066;97503
8067;97505
8068;97506
8069;97508
8070;97509
8071;97511
8072;97513
8073;97514
8074;97516
8075;97517
8076;97519
8077;97520
8078;97522
8079;97523
8080;97525
8081;97526
8082;97528
8083;97529
8084;97531
8085;97532
8086;97534
8087;97535
8088;97537
8089;97539
8090;97616
8091;97618
8092;97631
8093;97633
8094;97638
8095;97640
8096;97645
8097;97647
8098;97650
8099;97653
8100;97654
8101;97656
8102;97657
8103;97659
8104;97688
8105;97702
8106;97705
8107;97708
8108;97711
8109;97714
8110;97717
8111;97720
8112;97723
8113;97724
8114;97725
8115;97727
8116;97729
8117;97737
8118;97753
8119;97762
8120;97769
8121;97772
8122;97773
8123;97775
8124;97776
8125;97778
8126;97779
8127;97780
8128;97782
8129;97783
8130;97785
8131;97786
8132;97788
8133;97789
8134;97791
8135;97792
8136;97794
8137;97795
8138;97797
8139;97799
8140;97816
8141;97828
8142;97833
8143;97834
8144;97836
8145;97837
8146;97839
8147;97840
8148;97842
8149;97843
8150;97845
8151;97846
8152;97848
8153;97849
8154;97851
8155;97852
8156;97854
8157;97855
8158;97857
8159;97859
8160;97877
8161;97892
8162;97896
8163;97900
8164;97901
8165;97903
8166;97904
8167;97906
8168;97907
8169;97909
8170;97922
8171;97941
8172;97944
8173;97947
8174;97950
8175;97953
8176;97956
8177;97957
8178;97959
8179;97980
8180;97990
8181;97993
8182;97996
8183;97999
8184;98527
8185;98528
8186;98529
8187;98530
8188;98544
8189;98547
8190;98553
8191;98554
8192;98559
8193;98574
8194;98587
8195;98590
8196;98593
8197;98596
8198;98597
8199;98599
8200;98617
8201;98630
8202;98631
8203;98634
8204;98639
8205;98646
8206;98660
8207;98663
8208;98666
8209;98667
8210;98669
8211;98673
8212;98678
8213;98693
8214;98701
8215;98704
8216;98708
8217;98711
8218;98714
8219;98716
8220;98724
8221;98739
8222;98743
8223;98744
8224;98746
8225;98749
8226;99084
8227;99085
8228;99086
8229;99087
8230;99089
8231;99091
8232;99092
8233;99094
8234;99096
8235;99097
8236;99098
8237;99099
8238;99100
8239;99102
8240;99130
8241;99189
8242;99192
8243;99195
8244;99198
8245;99310
8246;99326
8247;99330
8248;99334
8249;99338
8250;99423
8251;99425
8252;99427
8253;99428
8254;99438
8255;99439
8256;99441
8257;99444
8258;99448
8259;99510
8260;99518
8261;99610
8262;99625
8263;99628
8264;99631
8265;99634
8266;99636
8267;99638
8268;99706
8269;99707
8270;99713
8271;99718
8272;99734
8273;99735
8274;99752
8275;99755
8276;99759
8277;99762
8278;99765
8279;99768
8280;99817
8281;99819
8282;99820
8283;99826
8284;99830
8285;99831
8286;99834
8287;99837
8288;99842
8289;99846
8290;99848
8291;99867
8292;99869
8293;99880
8294;99885
8295;99887
8296;99891
8297;99894
8298;99897
8299;99947
8300;99955
8301;99958
8302;99974
8303;99976
8304;99986
8305;99988
8306;99991
8307;99994
8308;99996
8309;99998