id;code
0;01067
1;01069
2;01097
3;01099
4;01108
5;01109
6;01127
7;01129
8;01139
9;01156
10;01157
11;01159
12;01169
13;01187
14;01189
15;01217
16;01219
17;01237
18;01239
19;01257
20;01259
21;01277
22;01279
23;01307
24;01309
25;01324
26;01326
27;01328
28;01445
29;01454
30;01458
31;01462
32;01465
33;01468
34;01471
35;01477
36;01558
37;01561
38;01587
39;01589
40;01591
41;01594
42;01609
43;01612
44;01616
45;01619
46;01623
47;01640
48;01662
49;01665
50;01683
51;01689
52;01705
53;01723
54;01728
55;01731
56;01734
57;01737
58;01738
59;01744
60;01762
61;01768
62;01773
63;01774
64;01776
65;01778
66;01796
67;01809
68;01814
69;01816
70;01819
71;01824
72;01825
73;01829
74;01833
75;01844
76;01847
77;01848
78;01855
79;01877
80;01896
81;01900
82;01904
83;01906
84;01909
85;01917
86;01920
87;01936
88;01945
89;01968
90;01979
91;01983
92;01987
93;01990
94;01993
95;01994
96;01996
97;01998
98;02625
99;02627
100;02633
101;02681
102;02689
103;02692
104;02694
105;02699
106;02708
107;02727
108;02730
109;02733
110;02736
111;02739
112;02742
113;02747
114;02748
115;02763
116;02779
117;02782
118;02785
119;02788
120;02791
121;02794
122;02796
123;02797
124;02799
125;02826
126;02827
127;02828
128;02829
129;02894
130;02899
131;02906
132;02923
133;02929
134;02943
135;02953
136;02956
137;02957
138;02959
139;02977
140;02979
141;02991
142;02994
143;02997
144;02999
145;03042
146;03044
147;03046
148;03048
149;03050
150;03051
151;03052
152;03053
153;03054
154;03055
155;03058
156;03096
157;03099
158;03103
159;03116
160;03119
161;03130
162;03139
163;03149
164;03159
165;03172
166;03185
167;03197
168;03205
169;03222
170;03226
171;03229
172;03238
173;03246
174;03249
175;03253
176;04103
177;04105
178;04107
179;04109
180;04129
181;04155
182;04157
183;04158
184;04159
185;04177
186;04178
187;04179
188;04205
189;04207
190;04209
191;04229
192;04249
193;04275
194;04277
195;04279
196;04288
197;04289
198;04299
199;04315
200;04316
201;04317
202;04318
203;04319
204;04328
205;04329
206;04347
207;04349
208;04356
209;04357
210;04416
211;04420
212;04425
213;04435
214;04442
215;04451
216;04460
217;04463
218;04509
219;04519
220;04523
221;04539
222;04552
223;04564
224;04565
225;04567
226;04571
227;04574
228;04575
229;04579
230;04600
231;04603
232;04610
233;04613
234;04617
235;04618
236;04626
237;04639
238;04643
239;04651
240;04654
241;04655
242;04657
243;04668
244;04680
245;04683
246;04685
247;04687
248;04688
249;04703
250;04720
251;04736
252;04741
253;04746
254;04749
255;04758
256;04769
257;04774
258;04779
259;04808
260;04821
261;04824
262;04827
263;04828
264;04838
265;04849
266;04860
267;04874
268;04880
269;04886
270;04889
271;04895
272;04910
273;04916
274;04924
275;04928
276;04931
277;04932
278;04934
279;04936
280;04938
281;06108
282;06110
283;06112
284;06114
285;06116
286;06118
287;06120
288;06122
289;06124
290;06126
291;06128
292;06130
293;06132
294;06179
295;06184
296;06188
297;06193
298;06198
299;06217
300;06231
301;06237
302;06242
303;06246
304;06249
305;06254
306;06255
307;06258
308;06259
309;06268
310;06279
311;06295
312;06308
313;06311
314;06313
315;06317
316;06318
317;06333
318;06343
319;06347
320;06348
321;06366
322;06369
323;06385
324;06386
325;06388
326;06406
327;06408
328;06420
329;06425
330;06429
331;06449
332;06456
333;06458
334;06463
335;06464
336;06466
337;06467
338;06469
339;06484
340;06493
341;06502
342;06507
343;06526
344;06528
345;06536
346;06537
347;06542
348;06543
349;06547
350;06548
351;06556
352;06567
353;06571
354;06577
355;06578
356;06618
357;06628
358;06632
359;06636
360;06638
361;06642
362;06647
363;06648
364;06667
365;06679
366;06682
367;06686
368;06688
369;06712
370;06721
371;06722
372;06724
373;06725
374;06727
375;06729
376;06749
377;06766
378;06773
379;06774
380;06779
381;06780
382;06785
383;06786
384;06791
385;06792
386;06794
387;06796
388;06800
389;06803
390;06804
391;06808
392;06809
393;06842
394;06844
395;06846
396;06847
397;06849
398;06862
399;06869
400;06886
401;06888
402;06895
403;06896
404;06901
405;06905
406;06909
407;06917
408;06918
409;06922
410;06925
411;06926
412;06928
413;07318
414;07330
415;07333
416;07334
417;07336
418;07338
419;07343
420;07349
421;07356
422;07366
423;07368
424;07381
425;07387
426;07389
427;07407
428;07422
429;07426
430;07427
431;07429
432;07545
433;07546
434;07548
435;07549
436;07551
437;07552
438;07554
439;07557
440;07570
441;07580
442;07586
443;07589
444;07607
445;07613
446;07616
447;07619
448;07629
449;07639
450;07646
451;07743
452;07745
453;07747
454;07749
455;07751
456;07768
457;07774
458;07778
459;07806
460;07819
461;07907
462;07919
463;07922
464;07924
465;07926
466;07927
467;07929
468;07937
469;07950
470;07952
471;07955
472;07957
473;07958
474;07973
475;07980
476;07985
477;07987
478;07989
479;08056
480;08058
481;08060
482;08062
483;08064
484;08066
485;08107
486;08112
487;08115
488;08118
489;08121
490;08132
491;08134
492;08141
493;08144
494;08147
495;08209
496;08223
497;08228
498;08233
499;08236
500;08237
501;08239
502;08248
503;08258
504;08261
505;08262
506;08265
507;08267
508;08269
509;08280
510;08289
511;08294
512;08297
513;08301
514;08304
515;08309
516;08312
517;08315
518;08318
519;08321
520;08324
521;08325
522;08326
523;08328
524;08340
525;08349
526;08352
527;08355
528;08358
529;08359
530;08371
531;08373
532;08393
533;08396
534;08399
535;08412
536;08427
537;08428
538;08432
539;08439
540;08451
541;08459
542;08468
543;08485
544;08491
545;08496
546;08499
547;08523
548;08525
549;08527
550;08529
551;08538
552;08539
553;08541
554;08543
555;08547
556;08548
557;08606
558;08626
559;08645
560;08648
561;09111
562;09112
563;09113
564;09114
565;09116
566;09117
567;09119
568;09120
569;09122
570;09123
571;09125
572;09126
573;09127
574;09128
575;09130
576;09131
577;09212
578;09217
579;09221
580;09224
581;09228
582;09232
583;09235
584;09236
585;09241
586;09243
587;09244
588;09246
589;09247
590;09249
591;09306
592;09322
593;09326
594;09328
595;09337
596;09350
597;09353
598;09355
599;09356
600;09366
601;09376
602;09380
603;09385
604;09387
605;09390
606;09392
607;09394
608;09395
609;09399
610;09405
611;09419
612;09423
613;09427
614;09429
615;09430
616;09432
617;09434
618;09435
619;09437
620;09439
621;09456
622;09465
623;09468
624;09471
625;09474
626;09477
627;09481
628;09484
629;09487
630;09488
631;09496
632;09509
633;09514
634;09517
635;09518
636;09526
637;09544
638;09548
639;09557
640;09569
641;09573
642;09575
643;09577
644;09579
645;09599
646;09600
647;09603
648;09618
649;09619
650;09623
651;09627
652;09629
653;09633
654;09634
655;09636
656;09638
657;09648
658;09661
659;09669
660;10115
661;10117
662;10119
663;10178
664;10179
665;10243
666;10245
667;10247
668;10249
669;10315
670;10317
671;10318
672;10319
673;10365
674;10367
675;10369
676;10405
677;10407
678;10409
679;10435
680;10437
681;10439
682;10551
683;10553
684;10555
685;10557
686;10559
687;10585
688;10587
689;10589
690;10623
691;10625
692;10627
693;10629
694;10707
695;10709
696;10711
697;10713
698;10715
699;10717
700;10719
701;10777
702;10779
703;10781
704;10783
705;10785
706;10787
707;10789
708;10823
709;10825
710;10827
711;10829
712;10961
713;10963
714;10965
715;10967
716;10969
717;10997
718;10999
719;12043
720;12045
721;12047
722;12049
723;12051
724;12053
725;12055
726;12057
727;12059
728;12099
729;12101
730;12103
731;12105
732;12107
733;12109
734;12157
735;12159
736;12161
737;12163
738;12165
739;12167
740;12169
741;12203
742;12205
743;12207
744;12209
745;12247
746;12249
747;12277
748;12279
749;12305
750;12307
751;12309
752;12347
753;12349
754;12351
755;12353
756;12355
757;12357
758;12359
759;12435
760;12437
761;12439
762;12459
763;12487
764;12489
765;12524
766;12526
767;12527
768;12529
769;12555
770;12557
771;12559
772;12587
773;12589
774;12619
775;12621
776;12623
777;12625
778;12627
779;12629
780;12679
781;12681
782;12683
783;12685
784;12687
785;12689
786;13051
787;13053
788;13055
789;13057
790;13059
791;13086
792;13088
793;13089
794;13125
795;13127
796;13129
797;13156
798;13158
799;13159
800;13187
801;13189
802;13347
803;13349
804;13351
805;13353
806;13355
807;13357
808;13359
809;13403
810;13405
811;13407
812;13409
813;13435
814;13437
815;13439
816;13465
817;13467
818;13469
819;13503
820;13505
821;13507
822;13509
823;13581
824;13583
825;13585
826;13587
827;13589
828;13591
829;13593
830;13595
831;13597
832;13599
833;13627
834;13629
835;14050
836;14052
837;14053
838;14055
839;14057
840;14059
841;14089
842;14109
843;14129
844;14163
845;14165
846;14167
847;14169
848;14193
849;14195
850;14197
851;14199
852;14467
853;14469
854;14471
855;14473
856;14476
857;14478
858;14480
859;14482
860;14513
861;14532
862;14542
863;14547
864;14548
865;14550
866;14552
867;14554
868;14557
869;14558
870;14612
871;14621
872;14624
873;14627
874;14641
875;14656
876;14662
877;14669
878;14712
879;14715
880;14727
881;14728
882;14770
883;14772
884;14774
885;14776
886;14778
887;14789
888;14793
889;14797
890;14798
891;14806
892;14822
893;14823
894;14827
895;14828
896;14913
897;14929
898;14943
899;14947
900;14959
901;14974
902;14979
903;15230
904;15232
905;15234
906;15236
907;15295
908;15299
909;15306
910;15320
911;15324
912;15326
913;15328
914;15344
915;15345
916;15366
917;15370
918;15374
919;15377
920;15378
921;15517
922;15518
923;15526
924;15528
925;15537
926;15562
927;15566
928;15569
929;15711
930;15732
931;15738
932;15741
933;15745
934;15746
935;15748
936;15749
937;15751
938;15752
939;15754
940;15755
941;15757
942;15758
943;15806
944;15827
945;15831
946;15834
947;15837
948;15838
949;15848
950;15859
951;15864
952;15868
953;15890
954;15898
955;15907
956;15910
957;15913
958;15926
959;15936
960;15938
961;16225
962;16227
963;16230
964;16244
965;16247
966;16248
967;16259
968;16269
969;16278
970;16303
971;16306
972;16307
973;16321
974;16341
975;16348
976;16352
977;16356
978;16359
979;16515
980;16540
981;16547
982;16548
983;16552
984;16556
985;16559
986;16562
987;16565
988;16567
989;16727
990;16761
991;16766
992;16767
993;16775
994;16792
995;16798
996;16816
997;16818
998;16827
999;16831
1000;16833
1001;16835
1002;16837
1003;16845
1004;16866
1005;16868
1006;16909
1007;16918
1008;16928
1009;16945
1010;16949
1011;17033
1012;17034
1013;17036
1014;17039
1015;17087
1016;17089
1017;17091
1018;17094
1019;17098
1020;17099
1021;17109
1022;17111
1023;17121
1024;17126
1025;17129
1026;17139
1027;17153
1028;17154
1029;17159
1030;17166
1031;17168
1032;17179
1033;17192
1034;17194
1035;17207
1036;17209
1037;17213
1038;17214
1039;17217
1040;17219
1041;17235
1042;17237
1043;17248
1044;17252
1045;17255
1046;17258
1047;17259
1048;17268
1049;17279
1050;17291
1051;17309
1052;17321
1053;17322
1054;17326
1055;17328
1056;17329
1057;17335
1058;17337
1059;17348
1060;17349
1061;17358
1062;17367
1063;17373
1064;17375
1065;17379
1066;17389
1067;17390
1068;17391
1069;17392
1070;17398
1071;17406
1072;17419
1073;17424
1074;17429
1075;17438
1076;17440
1077;17449
1078;17454
1079;17459
1080;17489
1081;17491
1082;17493
1083;17495
1084;17498
1085;17506
1086;17509
1087;18055
1088;18057
1089;18059
1090;18069
1091;18106
1092;18107
1093;18109
1094;18119
1095;18146
1096;18147
1097;18181
1098;18182
1099;18184
1100;18190
1101;18195
1102;18196
1103;18198
1104;18209
1105;18211
1106;18225
1107;18230
1108;18233
1109;18236
1110;18239
1111;18246
1112;18249
1113;18258
1114;18273
1115;18276
1116;18279
1117;18292
1118;18299
1119;18311
1120;18314
1121;18317
1122;18320
1123;18334
1124;18337
1125;18347
1126;18356
1127;18374
1128;18375
1129;18435
1130;18437
1131;18439
1132;18442
1133;18445
1134;18461
1135;18465
1136;18469
1137;18507
1138;18510
1139;18513
1140;18516
1141;18519
1142;18528
1143;18546
1144;18551
1145;18556
1146;18565
1147;18569
1148;18573
1149;18574
1150;18581
1151;18586
1152;18609
1153;19053
1154;19055
1155;19057
1156;19059
1157;19061
1158;19063
1159;19065
1160;19067
1161;19069
1162;19071
1163;19073
1164;19075
1165;19077
1166;19079
1167;19086
1168;19089
1169;19205
1170;19209
1171;19217
1172;19230
1173;19243
1174;19246
1175;19249
1176;19258
1177;19260
1178;19273
1179;19288
1180;19294
1181;19300
1182;19303
1183;19306
1184;19309
1185;19322
1186;19336
1187;19339
1188;19348
1189;19357
1190;19370
1191;19372
1192;19374
1193;19376
1194;19386
1195;19395
1196;19399
1197;19406
1198;19412
1199;19417
1200;20095
1201;20097
1202;20099
1203;20144
1204;20146
1205;20148
1206;20149
1207;20249
1208;20251
1209;20253
1210;20255
1211;20257
1212;20259
1213;20354
1214;20355
1215;20357
1216;20359
1217;20457
1218;20459
1219;20535
1220;20537
1221;20539
1222;21029
1223;21031
1224;21033
1225;21035
1226;21037
1227;21039
1228;21073
1229;21075
1230;21077
1231;21079
1232;21107
1233;21109
1234;21129
1235;21147
1236;21149
1237;21217
1238;21218
1239;21220
1240;21224
1241;21227
1242;21228
1243;21244
1244;21255
1245;21256
1246;21258
1247;21259
1248;21261
1249;21266
1250;21271
1251;21272
1252;21274
1253;21279
1254;21335
1255;21337
1256;21339
1257;21354
1258;21357
1259;21358
1260;21360
1261;21365
1262;21368
1263;21369
1264;21371
1265;21376
1266;21379
1267;21380
1268;21382
1269;21385
1270;21386
1271;21388
1272;21391
1273;21394
1274;21395
1275;21397
1276;21398
1277;21400
1278;21401
1279;21403
1280;21406
1281;21407
1282;21409
1283;21423
1284;21435
1285;21436
1286;21438
1287;21439
1288;21441
1289;21442
1290;21444
1291;21445
1292;21447
1293;21449
1294;21465
1295;21481
1296;21483
1297;21493
1298;21502
1299;21509
1300;21514
1301;21516
1302;21521
1303;21522
1304;21524
1305;21526
1306;21527
1307;21529
1308;21614
1309;21629
1310;21635
1311;21640
1312;21641
1313;21643
1314;21644
1315;21646
1316;21647
1317;21649
1318;21680
1319;21682
1320;21683
1321;21684
1322;21698
1323;21702
1324;21706
1325;21709
1326;21710
1327;21712
1328;21714
1329;21717
1330;21720
1331;21723
1332;21726
1333;21727
1334;21729
1335;21730
1336;21732
1337;21734
1338;21737
1339;21739
1340;21745
1341;21755
1342;21756
1343;21762
1344;21763
1345;21765
1346;21769
1347;21770
1348;21772
1349;21775
1350;21776
1351;21781
1352;21782
1353;21784
1354;21785
1355;21787
1356;21789
1357;22041
1358;22043
1359;22045
1360;22047
1361;22049
1362;22081
1363;22083
1364;22085
1365;22087
1366;22089
1367;22111
1368;22113
1369;22115
1370;22117
1371;22119
1372;22143
1373;22145
1374;22147
1375;22149
1376;22159
1377;22175
1378;22177
1379;22179
1380;22297
1381;22299
1382;22301
1383;22303
1384;22305
1385;22307
1386;22309
1387;22335
1388;22337
1389;22339
1390;22359
1391;22391
1392;22393
1393;22395
1394;22397
1395;22399
1396;22415
1397;22417
1398;22419
1399;22453
1400;22455
1401;22457
1402;22459
1403;22523
1404;22525
1405;22527
1406;22529
1407;22547
1408;22549
1409;22559
1410;22587
1411;22589
1412;22605
1413;22607
1414;22609
1415;22761
1416;22763
1417;22765
1418;22767
1419;22769
1420;22844
1421;22846
1422;22848
1423;22850
1424;22851
1425;22869
1426;22880
1427;22885
1428;22889
1429;22926
1430;22927
1431;22929
1432;22941
1433;22946
1434;22949
1435;22952
1436;22955
1437;22956
1438;22958
1439;22959
1440;22961
1441;22962
1442;22964
1443;22965
1444;22967
1445;22969
1446;23552
1447;23554
1448;23556
1449;23558
1450;23560
1451;23562
1452;23564
1453;23566
1454;23568
1455;23569
1456;23570
1457;23611
1458;23617
1459;23619
1460;23623
1461;23626
1462;23627
1463;23628
1464;23629
1465;23669
1466;23683
1467;23684
1468;23689
1469;23701
1470;23714
1471;23715
1472;23717
1473;23719
1474;23730
1475;23738
1476;23743
1477;23744
1478;23746
1479;23747
1480;23749
1481;23758
1482;23769
1483;23774
1484;23775
1485;23777
1486;23779
1487;23795
1488;23812
1489;23813
1490;23815
1491;23816
1492;23818
1493;23820
1494;23821
1495;23823
1496;23824
1497;23826
1498;23827
1499;23829
1500;23843
1501;23845
1502;23847
1503;23858
1504;23860
1505;23863
1506;23866
1507;23867
1508;23869
1509;23879
1510;23881
1511;23883
1512;23896
1513;23898
1514;23899
1515;23909
1516;23911
1517;23919
1518;23923
1519;23936
1520;23942
1521;23946
1522;23948
1523;23966
1524;23968
1525;23970
1526;23972
1527;23974
1528;23992
1529;23996
1530;23999
1531;24103
1532;24105
1533;24106
1534;24107
1535;24109
1536;24111
1537;24113
1538;24114
1539;24116
1540;24118
1541;24119
1542;24143
1543;24145
1544;24146
1545;24147
1546;24148
1547;24149
1548;24159
1549;24161
1550;24211
1551;24214
1552;24217
1553;24220
1554;24223
1555;24226
1556;24229
1557;24232
1558;24235
1559;24238
1560;24239
1561;24241
1562;24242
1563;24244
1564;24245
1565;24247
1566;24248
1567;24250
1568;24251
1569;24253
1570;24254
1571;24256
1572;24257
1573;24259
1574;24306
1575;24321
1576;24326
1577;24327
1578;24329
1579;24340
1580;24351
1581;24354
1582;24357
1583;24358
1584;24360
1585;24361
1586;24363
1587;24364
1588;24366
1589;24367
1590;24369
1591;24376
1592;24392
1593;24395
1594;24398
1595;24399
1596;24401
1597;24402
1598;24404
1599;24405
1600;24407
1601;24409
1602;24534
1603;24536
1604;24537
1605;24539
1606;24558
1607;24568
1608;24576
1609;24582
1610;24589
1611;24594
1612;24598
1613;24601
1614;24610
1615;24613
1616;24616
1617;24619
1618;24620
1619;24622
1620;24623
1621;24625
1622;24626
1623;24628
1624;24629
1625;24631
1626;24632
1627;24634
1628;24635
1629;24637
1630;24638
1631;24640
1632;24641
1633;24643
1634;24644
1635;24646
1636;24647
1637;24649
1638;24768
1639;24782
1640;24783
1641;24784
1642;24787
1643;24790
1644;24791
1645;24793
1646;24794
1647;24796
1648;24797
1649;24799
1650;24800
1651;24802
1652;24803
1653;24805
1654;24806
1655;24808
1656;24809
1657;24811
1658;24813
1659;24814
1660;24816
1661;24817
1662;24819
1663;24837
1664;24848
1665;24850
1666;24852
1667;24855
1668;24857
1669;24860
1670;24861
1671;24863
1672;24864
1673;24866
1674;24867
1675;24869
1676;24870
1677;24872
1678;24873
1679;24875
1680;24876
1681;24878
1682;24879
1683;24881
1684;24882
1685;24884
1686;24885
1687;24887
1688;24888
1689;24890
1690;24891
1691;24893
1692;24894
1693;24896
1694;24897
1695;24899
1696;24937
1697;24939
1698;24941
1699;24943
1700;24944
1701;24955
1702;24960
1703;24963
1704;24966
1705;24969
1706;24972
1707;24975
1708;24976
1709;24977
1710;24980
1711;24983
1712;24986
1713;24988
1714;24989
1715;24991
1716;24992
1717;24994
1718;24996
1719;24997
1720;24999
1721;25335
1722;25336
1723;25337
1724;25348
1725;25355
1726;25358
1727;25361
1728;25364
1729;25365
1730;25368
1731;25370
1732;25371
1733;25373
1734;25376
1735;25377
1736;25379
1737;25421
1738;25436
1739;25451
1740;25462
1741;25469
1742;25474
1743;25479
1744;25482
1745;25485
1746;25486
1747;25488
1748;25489
1749;25491
1750;25492
1751;25494
1752;25495
1753;25497
1754;25499
1755;25524
1756;25541
1757;25548
1758;25551
1759;25554
1760;25557
1761;25560
1762;25563
1763;25566
1764;25569
1765;25572
1766;25573
1767;25575
1768;25576
1769;25578
1770;25579
1771;25581
1772;25582
1773;25584
1774;25585
1775;25587
1776;25588
1777;25590
1778;25591
1779;25593
1780;25594
1781;25596
1782;25597
1783;25599
1784;25693
1785;25704
1786;25709
1787;25712
1788;25715
1789;25718
1790;25719
1791;25721
1792;25724
1793;25725
1794;25727
1795;25729
1796;25746
1797;25761
1798;25764
1799;25767
1800;25770
1801;25774
1802;25776
1803;25779
1804;25782
1805;25785
1806;25786
1807;25788
1808;25791
1809;25792
1810;25794
1811;25795
1812;25797
1813;25799
1814;25813
1815;25821
1816;25826
1817;25832
1818;25836
1819;25840
1820;25842
1821;25845
1822;25849
1823;25850
1824;25852
1825;25853
1826;25855
1827;25856
1828;25858
1829;25859
1830;25860
1831;25862
1832;25863
1833;25864
1834;25866
1835;25868
1836;25869
1837;25870
1838;25872
1839;25873
1840;25875
1841;25876
1842;25878
1843;25879
1844;25881
1845;25882
1846;25884
1847;25885
1848;25887
1849;25889
1850;25899
1851;25917
1852;25920
1853;25923
1854;25924
1855;25926
1856;25927
1857;25938
1858;25946
1859;25980
1860;25992
1861;25996
1862;25997
1863;25999
1864;26121
1865;26122
1866;26123
1867;26125
1868;26127
1869;26129
1870;26131
1871;26133
1872;26135
1873;26160
1874;26169
1875;26180
1876;26188
1877;26197
1878;26203
1879;26209
1880;26215
1881;26219
1882;26316
1883;26340
1884;26345
1885;26349
1886;26382
1887;26384
1888;26386
1889;26388
1890;26389
1891;26409
1892;26419
1893;26427
1894;26434
1895;26441
1896;26446
1897;26452
1898;26465
1899;26474
1900;26486
1901;26487
1902;26489
1903;26506
1904;26524
1905;26529
1906;26532
1907;26548
1908;26553
1909;26556
1910;26571
1911;26579
1912;26603
1913;26605
1914;26607
1915;26624
1916;26629
1917;26632
1918;26639
1919;26655
1920;26670
1921;26676
1922;26683
1923;26689
1924;26721
1925;26723
1926;26725
1927;26736
1928;26757
1929;26759
1930;26789
1931;26802
1932;26810
1933;26817
1934;26826
1935;26831
1936;26835
1937;26842
1938;26844
1939;26845
1940;26847
1941;26849
1942;26871
1943;26892
1944;26897
1945;26899
1946;26901
1947;26903
1948;26904
1949;26906
1950;26907
1951;26909
1952;26919
1953;26931
1954;26935
1955;26936
1956;26937
1957;26939
1958;26954
1959;26969
1960;27211
1961;27232
1962;27239
1963;27243
1964;27245
1965;27246
1966;27248
1967;27249
1968;27251
1969;27252
1970;27254
1971;27257
1972;27259
1973;27283
1974;27299
1975;27305
1976;27308
1977;27313
1978;27318
1979;27321
1980;27324
1981;27327
1982;27330
1983;27333
1984;27336
1985;27337
1986;27339
1987;27356
1988;27367
1989;27374
1990;27383
1991;27386
1992;27389
1993;27404
1994;27412
1995;27419
1996;27432
1997;27442
1998;27446
1999;27449
2000;27472
2001;27474
2002;27476
2003;27478
2004;27498
2005;27499
2006;27568
2007;27570
2008;27572
2009;27574
2010;27576
2011;27578
2012;27580
2013;27607
2014;27612
2015;27616
2016;27619
2017;27624
2018;27628
2019;27632
2020;27637
2021;27638
2022;27711
2023;27721
2024;27726
2025;27729
2026;27749
2027;27751
2028;27753
2029;27755
2030;27777
2031;27793
2032;27798
2033;27801
2034;27804
2035;27809
2036;28195
2037;28197
2038;28199
2039;28201
2040;28203
2041;28205
2042;28207
2043;28209
2044;28211
2045;28213
2046;28215
2047;28217
2048;28219
2049;28237
2050;28239
2051;28259
2052;28277
2053;28279
2054;28307
2055;28309
2056;28325
2057;28327
2058;28329
2059;28355
2060;28357
2061;28359
2062;28717
2063;28719
2064;28755
2065;28757
2066;28759
2067;28777
2068;28779
2069;28790
2070;28816
2071;28832
2072;28844
2073;28857
2074;28865
2075;28870
2076;28876
2077;28879
2078;29221
2079;29223
2080;29225
2081;29227
2082;29229
2083;29303
2084;29308
2085;29313
2086;29320
2087;29323
2088;29328
2089;29331
2090;29336
2091;29339
2092;29342
2093;29345
2094;29348
2095;29351
2096;29352
2097;29353
2098;29355
2099;29356
2100;29358
2101;29359
2102;29361
2103;29362
2104;29364
2105;29365
2106;29367
2107;29369
2108;29378
2109;29379
2110;29386
2111;29389
2112;29392
2113;29393
2114;29394
2115;29396
2116;29399
2117;29410
2118;29413
2119;29416
2120;29439
2121;29451
2122;29456
2123;29459
2124;29462
2125;29465
2126;29468
2127;29471
2128;29472
2129;29473
2130;29475
2131;29476
2132;29478
2133;29479
2134;29481
2135;29482
2136;29484
2137;29485
2138;29487
2139;29488
2140;29490
2141;29491
2142;29493
2143;29494
2144;29496
2145;29497
2146;29499
2147;29525
2148;29549
2149;29553
2150;29556
2151;29559
2152;29562
2153;29565
2154;29568
2155;29571
2156;29574
2157;29575
2158;29576
2159;29578
2160;29579
2161;29581
2162;29582
2163;29584
2164;29585
2165;29587
2166;29588
2167;29590
2168;29591
2169;29593
2170;29594
2171;29596
2172;29597
2173;29599
2174;29614
2175;29633
2176;29640
2177;29643
2178;29646
2179;29649
2180;29664
2181;29683
2182;29690
2183;29693
2184;29699
2185;30159
2186;30161
2187;30163
2188;30165
2189;30167
2190;30169
2191;30171
2192;30173
2193;30175
2194;30177
2195;30179
2196;30419
2197;30449
2198;30451
2199;30453
2200;30455
2201;30457
2202;30459
2203;30519
2204;30521
2205;30539
2206;30559
2207;30625
2208;30627
2209;30629
2210;30655
2211;30657
2212;30659
2213;30669
2214;30823
2215;30826
2216;30827
2217;30851
2218;30853
2219;30855
2220;30880
2221;30890
2222;30900
2223;30916
2224;30926
2225;30938
2226;30952
2227;30966
2228;30974
2229;30982
2230;30989
2231;31008
2232;31020
2233;31028
2234;31029
2235;31032
2236;31033
2237;31035
2238;31036
2239;31039
2240;31061
2241;31073
2242;31079
2243;31084
2244;31085
2245;31087
2246;31088
2247;31089
2248;31091
2249;31093
2250;31094
2251;31096
2252;31097
2253;31099
2254;31134
2255;31135
2256;31137
2257;31139
2258;31141
2259;31157
2260;31162
2261;31167
2262;31171
2263;31174
2264;31177
2265;31180
2266;31185
2267;31188
2268;31191
2269;31195
2270;31196
2271;31199
2272;31224
2273;31226
2274;31228
2275;31234
2276;31241
2277;31246
2278;31249
2279;31275
2280;31303
2281;31311
2282;31319
2283;31515
2284;31535
2285;31542
2286;31547
2287;31552
2288;31553
2289;31555
2290;31556
2291;31558
2292;31559
2293;31582
2294;31592
2295;31595
2296;31600
2297;31603
2298;31604
2299;31606
2300;31608
2301;31609
2302;31613
2303;31618
2304;31619
2305;31621
2306;31622
2307;31623
2308;31626
2309;31627
2310;31628
2311;31629
2312;31632
2313;31633
2314;31634
2315;31636
2316;31637
2317;31638
2318;31655
2319;31675
2320;31683
2321;31688
2322;31691
2323;31693
2324;31698
2325;31699
2326;31700
2327;31702
2328;31707
2329;31708
2330;31710
2331;31711
2332;31712
2333;31714
2334;31715
2335;31717
2336;31718
2337;31719
2338;31737
2339;31749
2340;31785
2341;31787
2342;31789
2343;31812
2344;31832
2345;31840
2346;31848
2347;31855
2348;31860
2349;31863
2350;31867
2351;31868
2352;32049
2353;32051
2354;32052
2355;32105
2356;32107
2357;32108
2358;32120
2359;32130
2360;32139
2361;32257
2362;32278
2363;32289
2364;32312
2365;32339
2366;32351
2367;32361
2368;32369
2369;32423
2370;32425
2371;32427
2372;32429
2373;32457
2374;32469
2375;32479
2376;32545
2377;32547
2378;32549
2379;32584
2380;32602
2381;32609
2382;32657
2383;32676
2384;32683
2385;32689
2386;32694
2387;32699
2388;32756
2389;32758
2390;32760
2391;32791
2392;32805
2393;32816
2394;32825
2395;32832
2396;32839
2397;33014
2398;33034
2399;33039
2400;33098
2401;33100
2402;33102
2403;33104
2404;33106
2405;33129
2406;33142
2407;33154
2408;33161
2409;33165
2410;33175
2411;33178
2412;33181
2413;33184
2414;33189
2415;33330
2416;33332
2417;33334
2418;33335
2419;33378
2420;33397
2421;33415
2422;33428
2423;33442
2424;33449
2425;33602
2426;33604
2427;33605
2428;33607
2429;33609
2430;33611
2431;33613
2432;33615
2433;33617
2434;33619
2435;33647
2436;33649
2437;33659
2438;33689
2439;33699
2440;33719
2441;33729
2442;33739
2443;33758
2444;33775
2445;33790
2446;33803
2447;33813
2448;33818
2449;33824
2450;33829
2451;34117
2452;34119
2453;34121
2454;34123
2455;34125
2456;34127
2457;34128
2458;34130
2459;34131
2460;34132
2461;34134
2462;34212
2463;34225
2464;34233
2465;34246
2466;34253
2467;34260
2468;34266
2469;34270
2470;34277
2471;34281
2472;34286
2473;34289
2474;34292
2475;34295
2476;34298
2477;34302
2478;34305
2479;34308
2480;34311
2481;34314
2482;34317
2483;34320
2484;34323
2485;34326
2486;34327
2487;34329
2488;34346
2489;34355
2490;34359
2491;34369
2492;34376
2493;34379
2494;34385
2495;34388
2496;34393
2497;34396
2498;34399
2499;34414
2500;34431
2501;34434
2502;34439
2503;34454
2504;34466
2505;34471
2506;34474
2507;34477
2508;34479
2509;34497
2510;34508
2511;34513
2512;34516
2513;34519
2514;34537
2515;34549
2516;34560
2517;34576
2518;34582
2519;34587
2520;34590
2521;34593
2522;34596
2523;34599
2524;34613
2525;34621
2526;34626
2527;34628
2528;34630
2529;34632
2530;34633
2531;34637
2532;34639
2533;35037
2534;35039
2535;35041
2536;35043
2537;35066
2538;35075
2539;35080
2540;35083
2541;35085
2542;35088
2543;35091
2544;35094
2545;35096
2546;35099
2547;35102
2548;35104
2549;35108
2550;35110
2551;35112
2552;35114
2553;35116
2554;35117
2555;35119
2556;35216
2557;35232
2558;35236
2559;35239
2560;35260
2561;35274
2562;35279
2563;35282
2564;35285
2565;35287
2566;35288
2567;35305
2568;35315
2569;35321
2570;35325
2571;35327
2572;35329
2573;35390
2574;35392
2575;35394
2576;35396
2577;35398
2578;35410
2579;35415
2580;35418
2581;35423
2582;35428
2583;35435
2584;35440
2585;35444
2586;35447
2587;35452
2588;35457
2589;35460
2590;35463
2591;35466
2592;35469
2593;35510
2594;35516
2595;35519
2596;35576
2597;35578
2598;35579
2599;35580
2600;35581
2601;35582
2602;35583
2603;35584
2604;35585
2605;35586
2606;35606
2607;35614
2608;35619
2609;35625
2610;35630
2611;35633
2612;35638
2613;35641
2614;35644
2615;35647
2616;35649
2617;35683
2618;35684
2619;35685
2620;35686
2621;35687
2622;35688
2623;35689
2624;35690
2625;35708
2626;35713
2627;35716
2628;35719
2629;35745
2630;35753
2631;35756
2632;35759
2633;35764
2634;35767
2635;35768
2636;35781
2637;35789
2638;35792
2639;35794
2640;35796
2641;35799
2642;36037
2643;36039
2644;36041
2645;36043
2646;36088
2647;36093
2648;36100
2649;36103
2650;36110
2651;36115
2652;36119
2653;36124
2654;36129
2655;36132
2656;36137
2657;36142
2658;36145
2659;36148
2660;36151
2661;36154
2662;36157
2663;36160
2664;36163
2665;36166
2666;36167
2667;36169
2668;36179
2669;36199
2670;36205
2671;36208
2672;36211
2673;36214
2674;36217
2675;36219
2676;36251
2677;36266
2678;36269
2679;36272
2680;36275
2681;36277
2682;36280
2683;36282
2684;36284
2685;36286
2686;36287
2687;36289
2688;36304
2689;36318
2690;36320
2691;36323
2692;36325
2693;36326
2694;36329
2695;36341
2696;36355
2697;36358
2698;36364
2699;36367
2700;36369
2701;36381
2702;36391
2703;36396
2704;36399
2705;36404
2706;36414
2707;36419
2708;36433
2709;36448
2710;36452
2711;36456
2712;36457
2713;36460
2714;36466
2715;36469
2716;37073
2717;37075
2718;37077
2719;37079
2720;37081
2721;37083
2722;37085
2723;37115
2724;37120
2725;37124
2726;37127
2727;37130
2728;37133
2729;37136
2730;37139
2731;37154
2732;37170
2733;37176
2734;37181
2735;37186
2736;37191
2737;37194
2738;37197
2739;37199
2740;37213
2741;37214
2742;37215
2743;37216
2744;37217
2745;37218
2746;37235
2747;37242
2748;37247
2749;37249
2750;37269
2751;37276
2752;37281
2753;37284
2754;37287
2755;37290
2756;37293
2757;37296
2758;37297
2759;37299
2760;37308
2761;37318
2762;37327
2763;37339
2764;37345
2765;37351
2766;37355
2767;37359
2768;37412
2769;37431
2770;37434
2771;37441
2772;37444
2773;37445
2774;37447
2775;37449
2776;37520
2777;37534
2778;37539
2779;37547
2780;37574
2781;37581
2782;37586
2783;37589
2784;37603
2785;37619
2786;37620
2787;37627
2788;37632
2789;37633
2790;37635
2791;37639
2792;37640
2793;37642
2794;37643
2795;37647
2796;37649
2797;37671
2798;37688
2799;37691
2800;37696
2801;37697
2802;37699
2803;38100
2804;38102
2805;38104
2806;38106
2807;38108
2808;38110
2809;38112
2810;38114
2811;38116
2812;38118
2813;38120
2814;38122
2815;38124
2816;38126
2817;38154
2818;38159
2819;38162
2820;38165
2821;38170
2822;38173
2823;38176
2824;38179
2825;38226
2826;38228
2827;38229
2828;38239
2829;38259
2830;38268
2831;38271
2832;38272
2833;38274
2834;38275
2835;38277
2836;38279
2837;38300
2838;38302
2839;38304
2840;38312
2841;38315
2842;38319
2843;38321
2844;38322
2845;38324
2846;38325
2847;38327
2848;38329
2849;38350
2850;38364
2851;38368
2852;38372
2853;38373
2854;38375
2855;38376
2856;38378
2857;38379
2858;38381
2859;38382
2860;38384
2861;38385
2862;38387
2863;38388
2864;38440
2865;38442
2866;38444
2867;38446
2868;38448
2869;38458
2870;38459
2871;38461
2872;38462
2873;38464
2874;38465
2875;38467
2876;38468
2877;38470
2878;38471
2879;38473
2880;38474
2881;38476
2882;38477
2883;38479
2884;38486
2885;38489
2886;38518
2887;38524
2888;38527
2889;38528
2890;38530
2891;38531
2892;38533
2893;38536
2894;38539
2895;38542
2896;38543
2897;38547
2898;38550
2899;38551
2900;38553
2901;38554
2902;38556
2903;38557
2904;38559
2905;38640
2906;38642
2907;38644
2908;38667
2909;38678
2910;38685
2911;38690
2912;38700
2913;38704
2914;38707
2915;38709
2916;38723
2917;38729
2918;38820
2919;38822
2920;38828
2921;38829
2922;38835
2923;38836
2924;38838
2925;38855
2926;38871
2927;38875
2928;38877
2929;38879
2930;38889
2931;38895
2932;38899
2933;39104
2934;39106
2935;39108
2936;39110
2937;39112
2938;39114
2939;39116
2940;39118
2941;39120
2942;39122
2943;39124
2944;39126
2945;39128
2946;39130
2947;39164
2948;39167
2949;39171
2950;39175
2951;39179
2952;39218
2953;39221
2954;39240
2955;39245
2956;39249
2957;39261
2958;39264
2959;39279
2960;39288
2961;39291
2962;39307
2963;39317
2964;39319
2965;39326
2966;39340
2967;39343
2968;39345
2969;39356
2970;39359
2971;39365
2972;39387
2973;39393
2974;39397
2975;39398
2976;39418
2977;39435
2978;39439
2979;39443
2980;39444
2981;39446
2982;39448
2983;39517
2984;39524
2985;39539
2986;39576
2987;39579
2988;39590
2989;39596
2990;39599
2991;39606
2992;39615
2993;39619
2994;39624
2995;39629
2996;39638
2997;39646
2998;39649
2999;40210
3000;40211
3001;40212
3002;40213
3003;40215
3004;40217
3005;40219
3006;40221
3007;40223
3008;40225
3009;40227
3010;40229
3011;40231
3012;40233
3013;40235
3014;40237
3015;40239
3016;40468
3017;40470
3018;40472
3019;40474
3020;40476
3021;40477
3022;40479
3023;40489
3024;40545
3025;40547
3026;40549
3027;40589
3028;40591
3029;40593
3030;40595
3031;40597
3032;40599
3033;40625
3034;40627
3035;40629
3036;40667
3037;40668
3038;40670
3039;40699
3040;40721
3041;40723
3042;40724
3043;40764
3044;40789
3045;40822
3046;40878
3047;40880
3048;40882
3049;40883
3050;40885
3051;41061
3052;41063
3053;41065
3054;41066
3055;41068
3056;41069
3057;41169
3058;41179
3059;41189
3060;41199
3061;41236
3062;41238
3063;41239
3064;41334
3065;41352
3066;41363
3067;41366
3068;41372
3069;41379
3070;41460
3071;41462
3072;41464
3073;41466
3074;41468
3075;41469
3076;41470
3077;41472
3078;41515
3079;41516
3080;41517
3081;41539
3082;41540
3083;41541
3084;41542
3085;41564
3086;41569
3087;41747
3088;41748
3089;41749
3090;41751
3091;41812
3092;41836
3093;41844
3094;41849
3095;42103
3096;42105
3097;42107
3098;42109
3099;42111
3100;42113
3101;42115
3102;42117
3103;42119
3104;42275
3105;42277
3106;42279
3107;42281
3108;42283
3109;42285
3110;42287
3111;42289
3112;42327
3113;42329
3114;42349
3115;42369
3116;42389
3117;42399
3118;42477
3119;42489
3120;42499
3121;42549
3122;42551
3123;42553
3124;42555
3125;42579
3126;42651
3127;42653
3128;42655
3129;42657
3130;42659
3131;42697
3132;42699
3133;42719
3134;42781
3135;42799
3136;42853
3137;42855
3138;42857
3139;42859
3140;42897
3141;42899
3142;42929
3143;44135
3144;44137
3145;44139
3146;44141
3147;44143
3148;44145
3149;44147
3150;44149
3151;44225
3152;44227
3153;44229
3154;44263
3155;44265
3156;44267
3157;44269
3158;44287
3159;44289
3160;44309
3161;44319
3162;44328
3163;44329
3164;44339
3165;44357
3166;44359
3167;44369
3168;44379
3169;44388
3170;44532
3171;44534
3172;44536
3173;44575
3174;44577
3175;44579
3176;44581
3177;44623
3178;44625
3179;44627
3180;44628
3181;44629
3182;44649
3183;44651
3184;44652
3185;44653
3186;44787
3187;44789
3188;44791
3189;44793
3190;44795
3191;44797
3192;44799
3193;44801
3194;44803
3195;44805
3196;44807
3197;44809
3198;44866
3199;44867
3200;44869
3201;44879
3202;44892
3203;44894
3204;45127
3205;45128
3206;45130
3207;45131
3208;45133
3209;45134
3210;45136
3211;45138
3212;45139
3213;45141
3214;45143
3215;45144
3216;45145
3217;45147
3218;45149
3219;45219
3220;45239
3221;45257
3222;45259
3223;45276
3224;45277
3225;45279
3226;45289
3227;45307
3228;45309
3229;45326
3230;45327
3231;45329
3232;45355
3233;45356
3234;45357
3235;45359
3236;45468
3237;45470
3238;45472
3239;45473
3240;45475
3241;45476
3242;45478
3243;45479
3244;45481
3245;45525
3246;45527
3247;45529
3248;45549
3249;45657
3250;45659
3251;45661
3252;45663
3253;45665
3254;45699
3255;45701
3256;45711
3257;45721
3258;45731
3259;45739
3260;45768
3261;45770
3262;45772
3263;45879
3264;45881
3265;45883
3266;45884
3267;45886
3268;45888
3269;45889
3270;45891
3271;45892
3272;45894
3273;45896
3274;45897
3275;45899
3276;45964
3277;45966
3278;45968
3279;46045
3280;46047
3281;46049
3282;46117
3283;46119
3284;46145
3285;46147
3286;46149
3287;46236
3288;46238
3289;46240
3290;46242
3291;46244
3292;46282
3293;46284
3294;46286
3295;46325
3296;46342
3297;46348
3298;46354
3299;46359
3300;46395
3301;46397
3302;46399
3303;46414
3304;46419
3305;46446
3306;46459
3307;46483
3308;46485
3309;46487
3310;46499
3311;46509
3312;46514
3313;46519
3314;46535
3315;46537
3316;46539
3317;46562
3318;46569
3319;47051
3320;47053
3321;47055
3322;47057
3323;47058
3324;47059
3325;47119
3326;47137
3327;47138
3328;47139
3329;47166
3330;47167
3331;47169
3332;47178
3333;47179
3334;47198
3335;47199
3336;47226
3337;47228
3338;47229
3339;47239
3340;47249
3341;47259
3342;47269
3343;47279
3344;47441
3345;47443
3346;47445
3347;47447
3348;47475
3349;47495
3350;47506
3351;47509
3352;47533
3353;47546
3354;47551
3355;47559
3356;47574
3357;47589
3358;47608
3359;47623
3360;47624
3361;47625
3362;47626
3363;47627
3364;47638
3365;47647
3366;47652
3367;47661
3368;47665
3369;47669
3370;47798
3371;47799
3372;47800
3373;47802
3374;47803
3375;47804
3376;47805
3377;47807
3378;47809
3379;47829
3380;47839
3381;47877
3382;47906
3383;47918
3384;47929
3385;48143
3386;48145
3387;48147
3388;48149
3389;48151
3390;48153
3391;48155
3392;48157
3393;48159
3394;48161
3395;48163
3396;48165
3397;48167
3398;48231
3399;48249
3400;48268
3401;48282
3402;48291
3403;48301
3404;48308
3405;48317
3406;48324
3407;48329
3408;48336
3409;48341
3410;48346
3411;48351
3412;48356
3413;48361
3414;48366
3415;48369
3416;48429
3417;48431
3418;48432
3419;48455
3420;48465
3421;48477
3422;48480
3423;48485
3424;48488
3425;48493
3426;48496
3427;48499
3428;48527
3429;48529
3430;48531
3431;48565
3432;48599
3433;48607
3434;48612
3435;48619
3436;48624
3437;48629
3438;48653
3439;48683
3440;48691
3441;48703
3442;48712
3443;48720
3444;48727
3445;48734
3446;48739
3447;49074
3448;49076
3449;49078
3450;49080
3451;49082
3452;49084
3453;49086
3454;49088
3455;49090
3456;49124
3457;49134
3458;49143
3459;49152
3460;49163
3461;49170
3462;49176
3463;49179
3464;49186
3465;49191
3466;49196
3467;49201
3468;49205
3469;49214
3470;49219
3471;49324
3472;49326
3473;49328
3474;49356
3475;49377
3476;49393
3477;49401
3478;49406
3479;49413
3480;49419
3481;49424
3482;49429
3483;49434
3484;49439
3485;49448
3486;49451
3487;49453
3488;49456
3489;49457
3490;49459
3491;49477
3492;49479
3493;49492
3494;49497
3495;49504
3496;49509
3497;49525
3498;49536
3499;49545
3500;49549
3501;49565
3502;49577
3503;49584
3504;49586
3505;49593
3506;49594
3507;49596
3508;49597
3509;49599
3510;49610
3511;49624
3512;49626
3513;49632
3514;49635
3515;49637
3516;49638
3517;49661
3518;49681
3519;49685
3520;49688
3521;49692
3522;49696
3523;49699
3524;49716
3525;49733
3526;49740
3527;49744
3528;49751
3529;49757
3530;49762
3531;49767
3532;49770
3533;49774
3534;49777
3535;49779
3536;49808
3537;49809
3538;49811
3539;49824
3540;49828
3541;49832
3542;49835
3543;49838
3544;49843
3545;49844
3546;49846
3547;49847
3548;49849
3549;50126
3550;50127
3551;50129
3552;50169
3553;50170
3554;50171
3555;50181
3556;50189
3557;50226
3558;50259
3559;50321
3560;50354
3561;50374
3562;50389
3563;50667
3564;50668
3565;50670
3566;50672
3567;50674
3568;50676
3569;50677
3570;50678
3571;50679
3572;50733
3573;50735
3574;50737
3575;50739
3576;50765
3577;50767
3578;50769
3579;50823
3580;50825
3581;50827
3582;50829
3583;50858
3584;50859
3585;50931
3586;50933
3587;50935
3588;50937
3589;50939
3590;50968
3591;50969
3592;50996
3593;50997
3594;50999
3595;51061
3596;51063
3597;51065
3598;51067
3599;51069
3600;51103
3601;51105
3602;51107
3603;51109
3604;51143
3605;51145
3606;51147
3607;51149
3608;51371
3609;51373
3610;51375
3611;51377
3612;51379
3613;51381
3614;51399
3615;51427
3616;51429
3617;51465
3618;51467
3619;51469
3620;51491
3621;51503
3622;51515
3623;51519
3624;51545
3625;51570
3626;51580
3627;51588
3628;51597
3629;51598
3630;51643
3631;51645
3632;51647
3633;51674
3634;51688
3635;51702
3636;51709
3637;51766
3638;51789
3639;52062
3640;52064
3641;52066
3642;52068
3643;52070
3644;52072
3645;52074
3646;52076
3647;52078
3648;52080
3649;52134
3650;52146
3651;52152
3652;52156
3653;52159
3654;52222
3655;52223
3656;52224
3657;52249
3658;52349
3659;52351
3660;52353
3661;52355
3662;52372
3663;52379
3664;52382
3665;52385
3666;52388
3667;52391
3668;52393
3669;52396
3670;52399
3671;52428
3672;52441
3673;52445
3674;52457
3675;52459
3676;52477
3677;52499
3678;52511
3679;52525
3680;52531
3681;52538
3682;53111
3683;53113
3684;53115
3685;53117
3686;53119
3687;53121
3688;53123
3689;53125
3690;53127
3691;53129
3692;53173
3693;53175
3694;53177
3695;53179
3696;53225
3697;53227
3698;53229
3699;53332
3700;53340
3701;53343
3702;53347
3703;53359
3704;53424
3705;53426
3706;53474
3707;53489
3708;53498
3709;53501
3710;53505
3711;53506
3712;53507
3713;53508
3714;53518
3715;53520
3716;53533
3717;53534
3718;53539
3719;53545
3720;53547
3721;53557
3722;53560
3723;53562
3724;53567
3725;53572
3726;53577
3727;53578
3728;53579
3729;53604
3730;53619
3731;53639
3732;53721
3733;53757
3734;53773
3735;53783
3736;53797
3737;53804
3738;53809
3739;53819
3740;53840
3741;53842
3742;53844
3743;53859
3744;53879
3745;53881
3746;53894
3747;53902
3748;53909
3749;53913
3750;53919
3751;53925
3752;53937
3753;53940
3754;53945
3755;53947
3756;53949
3757;54290
3758;54292
3759;54293
3760;54294
3761;54295
3762;54296
3763;54298
3764;54306
3765;54308
3766;54309
3767;54310
3768;54311
3769;54313
3770;54314
3771;54316
3772;54317
3773;54318
3774;54320
3775;54329
3776;54331
3777;54332
3778;54338
3779;54340
3780;54341
3781;54343
3782;54344
3783;54346
3784;54347
3785;54349
3786;54411
3787;54413
3788;54421
3789;54422
3790;54424
3791;54426
3792;54427
3793;54429
3794;54439
3795;54441
3796;54450
3797;54451
3798;54453
3799;54455
3800;54456
3801;54457
3802;54459
3803;54470
3804;54472
3805;54483
3806;54484
3807;54486
3808;54487
3809;54492
3810;54497
3811;54498
3812;54516
3813;54518
3814;54523
3815;54524
3816;54526
3817;54528
3818;54529
3819;54531
3820;54533
3821;54534
3822;54536
3823;54538
3824;54539
3825;54550
3826;54552
3827;54558
3828;54568
3829;54570
3830;54574
3831;54576
3832;54578
3833;54579
3834;54584
3835;54585
3836;54586
3837;54587
3838;54589
3839;54595
3840;54597
3841;54608
3842;54610
3843;54611
3844;54612
3845;54614
3846;54616
3847;54617
3848;54619
3849;54634
3850;54636
3851;54646
3852;54647
3853;54649
3854;54655
3855;54657
3856;54662
3857;54664
3858;54666
3859;54668
3860;54669
3861;54673
3862;54675
3863;54687
3864;54689
3865;55116
3866;55118
3867;55120
3868;55122
3869;55124
3870;55126
3871;55127
3872;55128
3873;55129
3874;55130
3875;55131
3876;55218
3877;55232
3878;55234
3879;55237
3880;55239
3881;55246
3882;55252
3883;55257
3884;55262
3885;55263
3886;55268
3887;55270
3888;55271
3889;55276
3890;55278
3891;55283
3892;55286
3893;55288
3894;55291
3895;55294
3896;55296
3897;55299
3898;55411
3899;55413
3900;55422
3901;55424
3902;55425
3903;55430
3904;55432
3905;55435
3906;55437
3907;55442
3908;55444
3909;55450
3910;55452
3911;55457
3912;55459
3913;55469
3914;55471
3915;55481
3916;55483
3917;55487
3918;55490
3919;55491
3920;55494
3921;55496
3922;55497
3923;55499
3924;55543
3925;55545
3926;55546
3927;55559
3928;55566
3929;55568
3930;55569
3931;55571
3932;55576
3933;55578
3934;55583
3935;55585
3936;55590
3937;55592
3938;55593
3939;55595
3940;55596
3941;55597
3942;55599
3943;55606
3944;55608
3945;55618
3946;55619
3947;55621
3948;55624
3949;55626
3950;55627
3951;55629
3952;55743
3953;55756
3954;55758
3955;55765
3956;55767
3957;55768
3958;55774
3959;55776
3960;55777
3961;55779
3962;56068
3963;56070
3964;56072
3965;56073
3966;56075
3967;56076
3968;56077
3969;56112
3970;56130
3971;56132
3972;56133
3973;56154
3974;56170
3975;56179
3976;56182
3977;56191
3978;56203
3979;56204
3980;56206
3981;56218
3982;56220
3983;56235
3984;56237
3985;56242
3986;56244
3987;56249
3988;56253
3989;56254
3990;56269
3991;56271
3992;56276
3993;56281
3994;56283
3995;56288
3996;56290
3997;56291
3998;56294
3999;56295
4000;56299
4001;56305
4002;56307
4003;56316
4004;56317
4005;56321
4006;56322
4007;56323
4008;56329
4009;56330
4010;56332
4011;56333
4012;56335
4013;56337
4014;56338
4015;56340
4016;56341
4017;56346
4018;56348
4019;56349
4020;56355
4021;56357
4022;56368
4023;56370
4024;56377
4025;56379
4026;56410
4027;56412
4028;56414
4029;56422
4030;56424
4031;56427
4032;56428
4033;56457
4034;56459
4035;56462
4036;56470
4037;56472
4038;56477
4039;56479
4040;56564
4041;56566
4042;56567
4043;56575
4044;56579
4045;56581
4046;56584
4047;56587
4048;56588
4049;56589
4050;56593
4051;56594
4052;56598
4053;56599
4054;56626
4055;56630
4056;56637
4057;56642
4058;56645
4059;56648
4060;56651
4061;56653
4062;56656
4063;56659
4064;56727
4065;56729
4066;56736
4067;56743
4068;56745
4069;56746
4070;56751
4071;56753
4072;56754
4073;56759
4074;56761
4075;56766
4076;56767
4077;56769
4078;56812
4079;56814
4080;56818
4081;56820
4082;56821
4083;56823
4084;56825
4085;56826
4086;56828
4087;56829
4088;56841
4089;56843
4090;56850
4091;56856
4092;56858
4093;56859
4094;56861
4095;56862
4096;56864
4097;56865
4098;56867
4099;56869
4100;57072
4101;57074
4102;57076
4103;57078
4104;57080
4105;57223
4106;57234
4107;57250
4108;57258
4109;57271
4110;57290
4111;57299
4112;57319
4113;57334
4114;57339
4115;57368
4116;57392
4117;57399
4118;57413
4119;57439
4120;57462
4121;57482
4122;57489
4123;57518
4124;57520
4125;57537
4126;57539
4127;57548
4128;57555
4129;57562
4130;57567
4131;57572
4132;57577
4133;57578
4134;57580
4135;57581
4136;57583
4137;57584
4138;57586
4139;57587
4140;57589
4141;57610
4142;57612
4143;57614
4144;57627
4145;57629
4146;57632
4147;57635
4148;57636
4149;57638
4150;57639
4151;57641
4152;57642
4153;57644
4154;57645
4155;57647
4156;57648
4157;58089
4158;58091
4159;58093
4160;58095
4161;58097
4162;58099
4163;58119
4164;58135
4165;58239
4166;58256
4167;58285
4168;58300
4169;58313
4170;58332
4171;58339
4172;58452
4173;58453
4174;58454
4175;58455
4176;58456
4177;58507
4178;58509
4179;58511
4180;58513
4181;58515
4182;58540
4183;58553
4184;58566
4185;58579
4186;58636
4187;58638
4188;58640
4189;58642
4190;58644
4191;58675
4192;58706
4193;58708
4194;58710
4195;58730
4196;58739
4197;58762
4198;58769
4199;58791
4200;58802
4201;58809
4202;58840
4203;58849
4204;59063
4205;59065
4206;59067
4207;59069
4208;59071
4209;59073
4210;59075
4211;59077
4212;59174
4213;59192
4214;59199
4215;59227
4216;59229
4217;59269
4218;59302
4219;59320
4220;59329
4221;59348
4222;59368
4223;59379
4224;59387
4225;59394
4226;59399
4227;59423
4228;59425
4229;59427
4230;59439
4231;59457
4232;59469
4233;59494
4234;59505
4235;59510
4236;59514
4237;59519
4238;59555
4239;59556
4240;59557
4241;59558
4242;59581
4243;59590
4244;59597
4245;59602
4246;59609
4247;59755
4248;59757
4249;59759
4250;59821
4251;59823
4252;59846
4253;59872
4254;59889
4255;59909
4256;59929
4257;59939
4258;59955
4259;59964
4260;59969
4261;60308
4262;60311
4263;60313
4264;60314
4265;60316
4266;60318
4267;60320
4268;60322
4269;60323
4270;60325
4271;60326
4272;60327
4273;60329
4274;60385
4275;60386
4276;60388
4277;60389
4278;60431
4279;60433
4280;60435
4281;60437
4282;60438
4283;60439
4284;60486
4285;60487
4286;60488
4287;60489
4288;60528
4289;60529
4290;60549
4291;60594
4292;60596
4293;60598
4294;60599
4295;61118
4296;61130
4297;61137
4298;61138
4299;61169
4300;61184
4301;61191
4302;61194
4303;61197
4304;61200
4305;61203
4306;61206
4307;61209
4308;61231
4309;61239
4310;61250
4311;61267
4312;61273
4313;61276
4314;61279
4315;61348
4316;61350
4317;61352
4318;61381
4319;61389
4320;61440
4321;61449
4322;61462
4323;61476
4324;61479
4325;63065
4326;63067
4327;63069
4328;63071
4329;63073
4330;63075
4331;63110
4332;63128
4333;63150
4334;63165
4335;63179
4336;63225
4337;63263
4338;63303
4339;63322
4340;63329
4341;63450
4342;63452
4343;63454
4344;63456
4345;63457
4346;63477
4347;63486
4348;63500
4349;63505
4350;63512
4351;63517
4352;63526
4353;63533
4354;63538
4355;63543
4356;63546
4357;63549
4358;63571
4359;63579
4360;63584
4361;63589
4362;63594
4363;63599
4364;63607
4365;63619
4366;63628
4367;63633
4368;63636
4369;63637
4370;63639
4371;63654
4372;63667
4373;63674
4374;63679
4375;63683
4376;63688
4377;63691
4378;63694
4379;63695
4380;63697
4381;63699
4382;63739
4383;63741
4384;63743
4385;63755
4386;63762
4387;63768
4388;63773
4389;63776
4390;63785
4391;63791
4392;63796
4393;63801
4394;63808
4395;63811
4396;63814
4397;63820
4398;63825
4399;63826
4400;63828
4401;63829
4402;63831
4403;63834
4404;63839
4405;63840
4406;63843
4407;63846
4408;63849
4409;63853
4410;63856
4411;63857
4412;63860
4413;63863
4414;63864
4415;63867
4416;63868
4417;63869
4418;63871
4419;63872
4420;63874
4421;63875
4422;63877
4423;63879
4424;63897
4425;63906
4426;63911
4427;63916
4428;63920
4429;63924
4430;63925
4431;63927
4432;63928
4433;63930
4434;63931
4435;63933
4436;63934
4437;63936
4438;63937
4439;63939
4440;64283
4441;64285
4442;64287
4443;64289
4444;64291
4445;64293
4446;64295
4447;64297
4448;64319
4449;64331
4450;64342
4451;64347
4452;64354
4453;64367
4454;64372
4455;64380
4456;64385
4457;64390
4458;64395
4459;64397
4460;64401
4461;64404
4462;64405
4463;64407
4464;64409
4465;64521
4466;64546
4467;64560
4468;64569
4469;64572
4470;64579
4471;64584
4472;64589
4473;64625
4474;64646
4475;64653
4476;64658
4477;64665
4478;64668
4479;64673
4480;64678
4481;64683
4482;64686
4483;64689
4484;64711
4485;64720
4486;64732
4487;64739
4488;64743
4489;64747
4490;64750
4491;64753
4492;64754
4493;64756
4494;64757
4495;64759
4496;64807
4497;64823
4498;64832
4499;64839
4500;64846
4501;64850
4502;64853
4503;64859
4504;65183
4505;65185
4506;65187
4507;65189
4508;65191
4509;65193
4510;65195
4511;65197
4512;65199
4513;65201
4514;65203
4515;65205
4516;65207
4517;65232
4518;65239
4519;65307
4520;65321
4521;65326
4522;65329
4523;65343
4524;65344
4525;65345
4526;65346
4527;65347
4528;65366
4529;65375
4530;65385
4531;65388
4532;65391
4533;65396
4534;65399
4535;65428
4536;65439
4537;65451
4538;65462
4539;65468
4540;65474
4541;65479
4542;65510
4543;65520
4544;65527
4545;65529
4546;65549
4547;65550
4548;65551
4549;65552
4550;65553
4551;65554
4552;65555
4553;65556
4554;65558
4555;65582
4556;65589
4557;65594
4558;65597
4559;65599
4560;65604
4561;65606
4562;65611
4563;65614
4564;65618
4565;65620
4566;65623
4567;65624
4568;65626
4569;65627
4570;65629
4571;65719
4572;65760
4573;65779
4574;65795
4575;65812
4576;65817
4577;65824
4578;65830
4579;65835
4580;65843
4581;65929
4582;65931
4583;65933
4584;65934
4585;65936
4586;66111
4587;66113
4588;66115
4589;66117
4590;66119
4591;66121
4592;66123
4593;66125
4594;66126
4595;66127
4596;66128
4597;66129
4598;66130
4599;66131
4600;66132
4601;66133
4602;66265
4603;66271
4604;66280
4605;66287
4606;66292
4607;66299
4608;66333
4609;66346
4610;66352
4611;66359
4612;66386
4613;66399
4614;66424
4615;66440
4616;66450
4617;66453
4618;66459
4619;66482
4620;66484
4621;66497
4622;66500
4623;66501
4624;66503
4625;66504
4626;66506
4627;66507
4628;66509
4629;66538
4630;66539
4631;66540
4632;66557
4633;66564
4634;66571
4635;66578
4636;66583
4637;66589
4638;66606
4639;66620
4640;66625
4641;66629
4642;66636
4643;66640
4644;66646
4645;66649
4646;66663
4647;66679
4648;66687
4649;66693
4650;66701
4651;66706
4652;66709
4653;66740
4654;66763
4655;66773
4656;66780
4657;66787
4658;66793
4659;66798
4660;66802
4661;66806
4662;66809
4663;66822
4664;66839
4665;66849
4666;66851
4667;66862
4668;66869
4669;66871
4670;66877
4671;66879
4672;66882
4673;66885
4674;66887
4675;66892
4676;66894
4677;66901
4678;66903
4679;66904
4680;66907
4681;66909
4682;66914
4683;66916
4684;66917
4685;66919
4686;66953
4687;66954
4688;66955
4689;66957
4690;66969
4691;66976
4692;66978
4693;66981
4694;66987
4695;66989
4696;66994
4697;66996
4698;66999
4699;67059
4700;67061
4701;67063
4702;67065
4703;67067
4704;67069
4705;67071
4706;67098
4707;67105
4708;67112
4709;67117
4710;67122
4711;67125
4712;67126
4713;67127
4714;67133
4715;67134
4716;67136
4717;67141
4718;67146
4719;67147
4720;67149
4721;67150
4722;67152
4723;67157
4724;67158
4725;67159
4726;67161
4727;67165
4728;67166
4729;67167
4730;67169
4731;67227
4732;67229
4733;67240
4734;67245
4735;67246
4736;67251
4737;67256
4738;67258
4739;67259
4740;67269
4741;67271
4742;67273
4743;67278
4744;67280
4745;67281
4746;67283
4747;67292
4748;67294
4749;67295
4750;67297
4751;67304
4752;67305
4753;67307
4754;67308
4755;67310
4756;67311
4757;67316
4758;67317
4759;67319
4760;67346
4761;67354
4762;67360
4763;67361
4764;67363
4765;67365
4766;67366
4767;67368
4768;67373
4769;67374
4770;67376
4771;67377
4772;67378
4773;67433
4774;67434
4775;67435
4776;67454
4777;67459
4778;67466
4779;67468
4780;67471
4781;67472
4782;67473
4783;67475
4784;67480
4785;67482
4786;67483
4787;67487
4788;67489
4789;67547
4790;67549
4791;67550
4792;67551
4793;67574
4794;67575
4795;67577
4796;67578
4797;67580
4798;67582
4799;67583
4800;67585
4801;67586
4802;67587
4803;67590
4804;67591
4805;67592
4806;67593
4807;67595
4808;67596
4809;67598
4810;67599
4811;67655
4812;67657
4813;67659
4814;67661
4815;67663
4816;67677
4817;67678
4818;67680
4819;67681
4820;67685
4821;67686
4822;67688
4823;67691
4824;67693
4825;67697
4826;67699
4827;67700
4828;67701
4829;67705
4830;67706
4831;67707
4832;67714
4833;67715
4834;67716
4835;67718
4836;67722
4837;67724
4838;67725
4839;67727
4840;67728
4841;67729
4842;67731
4843;67732
4844;67734
4845;67735
4846;67737
4847;67742
4848;67744
4849;67745
4850;67746
4851;67748
4852;67749
4853;67752
4854;67753
4855;67754
4856;67756
4857;67757
4858;67759
4859;67806
4860;67808
4861;67811
4862;67813
4863;67814
4864;67816
4865;67817
4866;67819
4867;67821
4868;67822
4869;67823
4870;67824
4871;67826
4872;67827
4873;67829
4874;68159
4875;68161
4876;68163
4877;68165
4878;68167
4879;68169
4880;68199
4881;68219
4882;68229
4883;68239
4884;68259
4885;68305
4886;68307
4887;68309
4888;68519
4889;68526
4890;68535
4891;68542
4892;68549
4893;68623
4894;68642
4895;68647
4896;68649
4897;68723
4898;68753
4899;68766
4900;68775
4901;68782
4902;68789
4903;68794
4904;68799
4905;68804
4906;68809
4907;69115
4908;69117
4909;69118
4910;69120
4911;69121
4912;69123
4913;69124
4914;69126
4915;69151
4916;69168
4917;69181
4918;69190
4919;69198
4920;69207
4921;69214
4922;69221
4923;69226
4924;69231
4925;69234
4926;69239
4927;69242
4928;69245
4929;69250
4930;69251
4931;69253
4932;69254
4933;69256
4934;69257
4935;69259
4936;69412
4937;69427
4938;69429
4939;69434
4940;69436
4941;69437
4942;69439
4943;69469
4944;69483
4945;69488
4946;69493
4947;69502
4948;69509
4949;69514
4950;69517
4951;69518
4952;70173
4953;70174
4954;70176
4955;70178
4956;70180
4957;70182
4958;70184
4959;70186
4960;70188
4961;70190
4962;70191
4963;70192
4964;70193
4965;70195
4966;70197
4967;70199
4968;70327
4969;70329
4970;70372
4971;70374
4972;70376
4973;70378
4974;70435
4975;70437
4976;70439
4977;70469
4978;70499
4979;70563
4980;70565
4981;70567
4982;70569
4983;70597
4984;70599
4985;70619
4986;70629
4987;70734
4988;70736
4989;70771
4990;70794
4991;70806
4992;70825
4993;70839
4994;71032
4995;71034
4996;71063
4997;71065
4998;71067
4999;71069
5000;71083
5001;71088
5002;71093
5003;71101
5004;71106
5005;71111
5006;71116
5007;71120
5008;71126
5009;71131
5010;71134
5011;71139
5012;71144
5013;71149
5014;71154
5015;71155
5016;71157
5017;71159
5018;71229
5019;71254
5020;71263
5021;71272
5022;71277
5023;71282
5024;71287
5025;71292
5026;71296
5027;71297
5028;71299
5029;71332
5030;71334
5031;71336
5032;71364
5033;71384
5034;71394
5035;71397
5036;71404
5037;71409
5038;71522
5039;71540
5040;71543
5041;71546
5042;71549
5043;71554
5044;71560
5045;71563
5046;71566
5047;71570
5048;71573
5049;71576
5050;71577
5051;71579
5052;71634
5053;71636
5054;71638
5055;71640
5056;71642
5057;71665
5058;71672
5059;71679
5060;71686
5061;71691
5062;71696
5063;71701
5064;71706
5065;71711
5066;71717
5067;71720
5068;71723
5069;71726
5070;71729
5071;71732
5072;71735
5073;71737
5074;71739
5075;72070
5076;72072
5077;72074
5078;72076
5079;72108
5080;72116
5081;72119
5082;72124
5083;72127
5084;72131
5085;72135
5086;72138
5087;72141
5088;72144
5089;72145
5090;72147
5091;72149
5092;72160
5093;72172
5094;72175
5095;72178
5096;72181
5097;72184
5098;72186
5099;72189
5100;72202
5101;72213
5102;72218
5103;72221
5104;72224
5105;72226
5106;72227
5107;72229
5108;72250
5109;72270
5110;72275
5111;72280
5112;72285
5113;72290
5114;72291
5115;72293
5116;72294
5117;72296
5118;72297
5119;72299
5120;72336
5121;72348
5122;72351
5123;72355
5124;72356
5125;72358
5126;72359
5127;72361
5128;72362
5129;72364
5130;72365
5131;72367
5132;72369
5133;72379
5134;72393
5135;72401
5136;72406
5137;72411
5138;72414
5139;72415
5140;72417
5141;72419
5142;72458
5143;72459
5144;72461
5145;72469
5146;72474
5147;72475
5148;72477
5149;72479
5150;72488
5151;72501
5152;72505
5153;72510
5154;72511
5155;72513
5156;72514
5157;72516
5158;72517
5159;72519
5160;72525
5161;72531
5162;72532
5163;72534
5164;72535
5165;72537
5166;72539
5167;72555
5168;72574
5169;72581
5170;72582
5171;72584
5172;72585
5173;72587
5174;72589
5175;72622
5176;72631
5177;72636
5178;72639
5179;72644
5180;72649
5181;72654
5182;72655
5183;72657
5184;72658
5185;72660
5186;72661
5187;72663
5188;72664
5189;72666
5190;72667
5191;72669
5192;72760
5193;72762
5194;72764
5195;72766
5196;72768
5197;72770
5198;72793
5199;72800
5200;72805
5201;72810
5202;72813
5203;72818
5204;72820
5205;72827
5206;72829
5207;73033
5208;73035
5209;73037
5210;73054
5211;73061
5212;73066
5213;73072
5214;73079
5215;73084
5216;73087
5217;73092
5218;73095
5219;73098
5220;73099
5221;73101
5222;73102
5223;73104
5224;73105
5225;73107
5226;73108
5227;73110
5228;73111
5229;73113
5230;73114
5231;73116
5232;73117
5233;73119
5234;73207
5235;73230
5236;73235
5237;73240
5238;73249
5239;73252
5240;73257
5241;73262
5242;73265
5243;73266
5244;73268
5245;73269
5246;73271
5247;73272
5248;73274
5249;73275
5250;73277
5251;73312
5252;73326
5253;73329
5254;73333
5255;73337
5256;73340
5257;73342
5258;73344
5259;73345
5260;73347
5261;73349
5262;73430
5263;73431
5264;73432
5265;73433
5266;73434
5267;73441
5268;73447
5269;73450
5270;73453
5271;73457
5272;73460
5273;73463
5274;73466
5275;73467
5276;73469
5277;73479
5278;73485
5279;73486
5280;73488
5281;73489
5282;73491
5283;73492
5284;73494
5285;73495
5286;73497
5287;73499
5288;73525
5289;73527
5290;73529
5291;73540
5292;73547
5293;73550
5294;73553
5295;73557
5296;73560
5297;73563
5298;73565
5299;73566
5300;73568
5301;73569
5302;73571
5303;73572
5304;73574
5305;73575
5306;73577
5307;73579
5308;73614
5309;73630
5310;73635
5311;73642
5312;73650
5313;73655
5314;73660
5315;73663
5316;73666
5317;73667
5318;73669
5319;73728
5320;73730
5321;73732
5322;73733
5323;73734
5324;73760
5325;73765
5326;73770
5327;73773
5328;73776
5329;73779
5330;74072
5331;74074
5332;74076
5333;74078
5334;74080
5335;74081
5336;74172
5337;74177
5338;74182
5339;74189
5340;74193
5341;74196
5342;74199
5343;74206
5344;74211
5345;74214
5346;74219
5347;74223
5348;74226
5349;74229
5350;74232
5351;74235
5352;74238
5353;74239
5354;74243
5355;74245
5356;74246
5357;74248
5358;74249
5359;74251
5360;74252
5361;74254
5362;74255
5363;74257
5364;74259
5365;74321
5366;74336
5367;74343
5368;74348
5369;74354
5370;74357
5371;74360
5372;74363
5373;74366
5374;74369
5375;74372
5376;74374
5377;74376
5378;74379
5379;74382
5380;74385
5381;74388
5382;74389
5383;74391
5384;74392
5385;74394
5386;74395
5387;74397
5388;74399
5389;74405
5390;74417
5391;74420
5392;74423
5393;74424
5394;74426
5395;74427
5396;74429
5397;74523
5398;74532
5399;74535
5400;74538
5401;74541
5402;74542
5403;74544
5404;74545
5405;74547
5406;74549
5407;74564
5408;74572
5409;74575
5410;74579
5411;74582
5412;74585
5413;74586
5414;74589
5415;74592
5416;74594
5417;74595
5418;74597
5419;74599
5420;74613
5421;74626
5422;74629
5423;74632
5424;74635
5425;74638
5426;74639
5427;74653
5428;74670
5429;74673
5430;74676
5431;74677
5432;74679
5433;74706
5434;74722
5435;74731
5436;74736
5437;74740
5438;74743
5439;74744
5440;74746
5441;74747
5442;74749
5443;74821
5444;74831
5445;74834
5446;74838
5447;74842
5448;74847
5449;74850
5450;74855
5451;74858
5452;74861
5453;74862
5454;74864
5455;74865
5456;74867
5457;74869
5458;74889
5459;74906
5460;74909
5461;74912
5462;74915
5463;74918
5464;74921
5465;74924
5466;74925
5467;74927
5468;74928
5469;74930
5470;74931
5471;74933
5472;74934
5473;74936
5474;74937
5475;74939
5476;75015
5477;75031
5478;75038
5479;75045
5480;75050
5481;75053
5482;75056
5483;75057
5484;75059
5485;75172
5486;75173
5487;75175
5488;75177
5489;75179
5490;75180
5491;75181
5492;75196
5493;75203
5494;75210
5495;75217
5496;75223
5497;75228
5498;75233
5499;75236
5500;75239
5501;75242
5502;75245
5503;75248
5504;75249
5505;75305
5506;75323
5507;75328
5508;75331
5509;75334
5510;75335
5511;75337
5512;75339
5513;75365
5514;75378
5515;75382
5516;75385
5517;75387
5518;75389
5519;75391
5520;75392
5521;75394
5522;75395
5523;75397
5524;75399
5525;75417
5526;75428
5527;75433
5528;75438
5529;75443
5530;75446
5531;75447
5532;75449
5533;76131
5534;76133
5535;76135
5536;76137
5537;76139
5538;76149
5539;76185
5540;76187
5541;76189
5542;76199
5543;76227
5544;76228
5545;76229
5546;76275
5547;76287
5548;76297
5549;76307
5550;76316
5551;76327
5552;76332
5553;76337
5554;76344
5555;76351
5556;76356
5557;76359
5558;76437
5559;76448
5560;76456
5561;76461
5562;76467
5563;76470
5564;76473
5565;76474
5566;76476
5567;76477
5568;76479
5569;76530
5570;76532
5571;76534
5572;76547
5573;76549
5574;76571
5575;76593
5576;76596
5577;76597
5578;76599
5579;76646
5580;76661
5581;76669
5582;76676
5583;76684
5584;76689
5585;76694
5586;76698
5587;76703
5588;76706
5589;76707
5590;76709
5591;76726
5592;76744
5593;76751
5594;76756
5595;76761
5596;76764
5597;76767
5598;76768
5599;76770
5600;76771
5601;76773
5602;76774
5603;76776
5604;76777
5605;76779
5606;76829
5607;76831
5608;76833
5609;76835
5610;76846
5611;76848
5612;76855
5613;76857
5614;76863
5615;76865
5616;76870
5617;76872
5618;76877
5619;76879
5620;76887
5621;76889
5622;76891
5623;77652
5624;77654
5625;77656
5626;77694
5627;77704
5628;77709
5629;77716
5630;77723
5631;77728
5632;77731
5633;77736
5634;77740
5635;77743
5636;77746
5637;77749
5638;77756
5639;77761
5640;77767
5641;77770
5642;77773
5643;77776
5644;77781
5645;77784
5646;77787
5647;77790
5648;77791
5649;77793
5650;77794
5651;77796
5652;77797
5653;77799
5654;77815
5655;77830
5656;77833
5657;77836
5658;77839
5659;77855
5660;77866
5661;77871
5662;77876
5663;77880
5664;77883
5665;77886
5666;77887
5667;77889
5668;77933
5669;77948
5670;77955
5671;77960
5672;77963
5673;77966
5674;77971
5675;77972
5676;77974
5677;77975
5678;77977
5679;77978
5680;78048
5681;78050
5682;78052
5683;78054
5684;78056
5685;78073
5686;78078
5687;78083
5688;78086
5689;78087
5690;78089
5691;78098
5692;78112
5693;78120
5694;78126
5695;78132
5696;78136
5697;78141
5698;78144
5699;78147
5700;78148
5701;78166
5702;78176
5703;78183
5704;78187
5705;78194
5706;78199
5707;78224
5708;78234
5709;78239
5710;78244
5711;78247
5712;78250
5713;78253
5714;78256
5715;78259
5716;78262
5717;78266
5718;78267
5719;78269
5720;78315
5721;78333
5722;78337
5723;78343
5724;78345
5725;78351
5726;78354
5727;78355
5728;78357
5729;78359
5730;78462
5731;78464
5732;78465
5733;78467
5734;78476
5735;78479
5736;78532
5737;78549
5738;78554
5739;78559
5740;78564
5741;78567
5742;78570
5743;78573
5744;78576
5745;78579
5746;78580
5747;78582
5748;78583
5749;78585
5750;78586
5751;78588
5752;78589
5753;78591
5754;78592
5755;78594
5756;78595
5757;78597
5758;78598
5759;78600
5760;78601
5761;78603
5762;78604
5763;78606
5764;78607
5765;78609
5766;78628
5767;78647
5768;78652
5769;78655
5770;78658
5771;78661
5772;78662
5773;78664
5774;78665
5775;78667
5776;78669
5777;78713
5778;78727
5779;78730
5780;78733
5781;78736
5782;78737
5783;78739
5784;79098
5785;79100
5786;79102
5787;79104
5788;79106
5789;79108
5790;79110
5791;79111
5792;79112
5793;79114
5794;79115
5795;79117
5796;79183
5797;79189
5798;79194
5799;79199
5800;79206
5801;79211
5802;79215
5803;79219
5804;79224
5805;79227
5806;79232
5807;79235
5808;79238
5809;79241
5810;79244
5811;79249
5812;79252
5813;79254
5814;79256
5815;79258
5816;79261
5817;79263
5818;79268
5819;79271
5820;79274
5821;79276
5822;79279
5823;79280
5824;79282
5825;79283
5826;79285
5827;79286
5828;79288
5829;79289
5830;79291
5831;79292
5832;79294
5833;79295
5834;79297
5835;79299
5836;79312
5837;79331
5838;79336
5839;79341
5840;79346
5841;79348
5842;79350
5843;79353
5844;79356
5845;79359
5846;79361
5847;79362
5848;79364
5849;79365
5850;79367
5851;79369
5852;79379
5853;79395
5854;79400
5855;79410
5856;79415
5857;79418
5858;79423
5859;79424
5860;79426
5861;79427
5862;79429
5863;79539
5864;79540
5865;79541
5866;79576
5867;79585
5868;79588
5869;79589
5870;79591
5871;79592
5872;79594
5873;79595
5874;79597
5875;79599
5876;79618
5877;79639
5878;79650
5879;79664
5880;79669
5881;79674
5882;79677
5883;79682
5884;79683
5885;79685
5886;79686
5887;79688
5888;79689
5889;79691
5890;79692
5891;79694
5892;79695
5893;79697
5894;79699
5895;79713
5896;79725
5897;79730
5898;79733
5899;79736
5900;79737
5901;79739
5902;79761
5903;79771
5904;79774
5905;79777
5906;79780
5907;79787
5908;79790
5909;79793
5910;79798
5911;79801
5912;79802
5913;79804
5914;79805
5915;79807
5916;79809
5917;79822
5918;79837
5919;79843
5920;79848
5921;79853
5922;79856
5923;79859
5924;79862
5925;79865
5926;79868
5927;79871
5928;79872
5929;79874
5930;79875
5931;79877
5932;79879
5933;80331
5934;80333
5935;80335
5936;80336
5937;80337
5938;80339
5939;80469
5940;80538
5941;80539
5942;80634
5943;80636
5944;80637
5945;80638
5946;80639
5947;80686
5948;80687
5949;80689
5950;80796
5951;80797
5952;80798
5953;80799
5954;80801
5955;80802
5956;80803
5957;80804
5958;80805
5959;80807
5960;80809
5961;80933
5962;80935
5963;80937
5964;80939
5965;80992
5966;80993
5967;80995
5968;80997
5969;80999
5970;81241
5971;81243
5972;81245
5973;81247
5974;81249
5975;81369
5976;81371
5977;81373
5978;81375
5979;81377
5980;81379
5981;81475
5982;81476
5983;81477
5984;81479
5985;81539
5986;81541
5987;81543
5988;81545
5989;81547
5990;81549
5991;81667
5992;81669
5993;81671
5994;81673
5995;81675
5996;81677
5997;81679
5998;81735
5999;81737
6000;81739
6001;81825
6002;81827
6003;81829
6004;81925
6005;81927
6006;81929
6007;82008
6008;82024
6009;82031
6010;82041
6011;82049
6012;82054
6013;82057
6014;82061
6015;82064
6016;82065
6017;82067
6018;82069
6019;82110
6020;82131
6021;82140
6022;82152
6023;82166
6024;82178
6025;82194
6026;82205
6027;82211
6028;82216
6029;82223
6030;82229
6031;82234
6032;82237
6033;82239
6034;82256
6035;82266
6036;82269
6037;82272
6038;82275
6039;82276
6040;82278
6041;82279
6042;82281
6043;82282
6044;82284
6045;82285
6046;82287
6047;82288
6048;82290
6049;82291
6050;82293
6051;82294
6052;82296
6053;82297
6054;82299
6055;82319
6056;82327
6057;82335
6058;82340
6059;82343
6060;82346
6061;82347
6062;82349
6063;82362
6064;82377
6065;82380
6066;82383
6067;82386
6068;82387
6069;82389
6070;82390
6071;82392
6072;82393
6073;82395
6074;82396
6075;82398
6076;82399
6077;82401
6078;82402
6079;82404
6080;82405
6081;82407
6082;82409
6083;82418
6084;82431
6085;82432
6086;82433
6087;82435
6088;82436
6089;82438
6090;82439
6091;82441
6092;82442
6093;82444
6094;82445
6095;82447
6096;82449
6097;82467
6098;82475
6099;82481
6100;82487
6101;82488
6102;82490
6103;82491
6104;82493
6105;82494
6106;82496
6107;82497
6108;82499
6109;82515
6110;82538
6111;82541
6112;82544
6113;82547
6114;82549
6115;83022
6116;83024
6117;83026
6118;83043
6119;83052
6120;83059
6121;83064
6122;83071
6123;83075
6124;83080
6125;83083
6126;83088
6127;83093
6128;83098
6129;83101
6130;83104
6131;83109
6132;83112
6133;83115
6134;83119
6135;83122
6136;83123
6137;83125
6138;83126
6139;83128
6140;83129
6141;83131
6142;83132
6143;83134
6144;83135
6145;83137
6146;83139
6147;83209
6148;83224
6149;83229
6150;83233
6151;83236
6152;83242
6153;83246
6154;83250
6155;83253
6156;83254
6157;83256
6158;83257
6159;83259
6160;83278
6161;83301
6162;83308
6163;83313
6164;83317
6165;83324
6166;83329
6167;83334
6168;83339
6169;83342
6170;83346
6171;83349
6172;83352
6173;83355
6174;83358
6175;83359
6176;83361
6177;83362
6178;83364
6179;83365
6180;83367
6181;83368
6182;83370
6183;83371
6184;83373
6185;83374
6186;83376
6187;83377
6188;83379
6189;83395
6190;83404
6191;83410
6192;83413
6193;83417
6194;83435
6195;83451
6196;83454
6197;83457
6198;83458
6199;83471
6200;83483
6201;83486
6202;83487
6203;83489
6204;83512
6205;83527
6206;83530
6207;83533
6208;83536
6209;83539
6210;83543
6211;83544
6212;83546
6213;83547
6214;83549
6215;83550
6216;83552
6217;83553
6218;83555
6219;83556
6220;83558
6221;83559
6222;83561
6223;83562
6224;83564
6225;83565
6226;83567
6227;83569
6228;83607
6229;83620
6230;83623
6231;83624
6232;83626
6233;83627
6234;83629
6235;83646
6236;83661
6237;83666
6238;83670
6239;83671
6240;83673
6241;83674
6242;83676
6243;83677
6244;83679
6245;83684
6246;83700
6247;83703
6248;83707
6249;83708
6250;83714
6251;83727
6252;83730
6253;83734
6254;83735
6255;83737
6256;83739
6257;84028
6258;84030
6259;84032
6260;84034
6261;84036
6262;84048
6263;84051
6264;84056
6265;84061
6266;84066
6267;84069
6268;84072
6269;84076
6270;84079
6271;84082
6272;84085
6273;84088
6274;84089
6275;84091
6276;84092
6277;84094
6278;84095
6279;84097
6280;84098
6281;84100
6282;84101
6283;84103
6284;84104
6285;84106
6286;84107
6287;84109
6288;84130
6289;84137
6290;84140
6291;84144
6292;84149
6293;84152
6294;84155
6295;84160
6296;84163
6297;84164
6298;84166
6299;84168
6300;84169
6301;84171
6302;84172
6303;84174
6304;84175
6305;84177
6306;84178
6307;84180
6308;84181
6309;84183
6310;84184
6311;84186
6312;84187
6313;84189
6314;84307
6315;84323
6316;84326
6317;84329
6318;84332
6319;84333
6320;84335
6321;84337
6322;84339
6323;84347
6324;84359
6325;84364
6326;84367
6327;84371
6328;84375
6329;84378
6330;84381
6331;84384
6332;84385
6333;84387
6334;84389
6335;84405
6336;84416
6337;84419
6338;84424
6339;84427
6340;84428
6341;84431
6342;84432
6343;84434
6344;84435
6345;84437
6346;84439
6347;84453
6348;84478
6349;84489
6350;84494
6351;84503
6352;84508
6353;84513
6354;84518
6355;84524
6356;84529
6357;84533
6358;84539
6359;84543
6360;84544
6361;84546
6362;84547
6363;84549
6364;84550
6365;84552
6366;84553
6367;84555
6368;84556
6369;84558
6370;84559
6371;84561
6372;84562
6373;84564
6374;84565
6375;84567
6376;84568
6377;84570
6378;84571
6379;84573
6380;84574
6381;84576
6382;84577
6383;84579
6384;85049
6385;85051
6386;85053
6387;85055
6388;85057
6389;85072
6390;85077
6391;85080
6392;85084
6393;85088
6394;85092
6395;85095
6396;85098
6397;85101
6398;85104
6399;85107
6400;85110
6401;85111
6402;85113
6403;85114
6404;85116
6405;85117
6406;85119
6407;85120
6408;85122
6409;85123
6410;85125
6411;85126
6412;85128
6413;85129
6414;85131
6415;85132
6416;85134
6417;85135
6418;85137
6419;85139
6420;85221
6421;85229
6422;85232
6423;85235
6424;85238
6425;85241
6426;85244
6427;85247
6428;85250
6429;85253
6430;85254
6431;85256
6432;85258
6433;85259
6434;85276
6435;85283
6436;85290
6437;85293
6438;85296
6439;85298
6440;85301
6441;85302
6442;85304
6443;85305
6444;85307
6445;85309
6446;85354
6447;85356
6448;85368
6449;85375
6450;85376
6451;85386
6452;85391
6453;85395
6454;85399
6455;85402
6456;85405
6457;85406
6458;85408
6459;85410
6460;85411
6461;85413
6462;85414
6463;85416
6464;85417
6465;85419
6466;85435
6467;85445
6468;85447
6469;85452
6470;85456
6471;85457
6472;85459
6473;85461
6474;85462
6475;85464
6476;85465
6477;85467
6478;85469
6479;85521
6480;85540
6481;85551
6482;85560
6483;85567
6484;85570
6485;85579
6486;85586
6487;85591
6488;85598
6489;85599
6490;85604
6491;85609
6492;85614
6493;85617
6494;85622
6495;85625
6496;85630
6497;85635
6498;85640
6499;85643
6500;85646
6501;85649
6502;85652
6503;85653
6504;85655
6505;85656
6506;85658
6507;85659
6508;85661
6509;85662
6510;85664
6511;85665
6512;85667
6513;85669
6514;85716
6515;85737
6516;85748
6517;85757
6518;85764
6519;85774
6520;85777
6521;85778
6522;86150
6523;86152
6524;86153
6525;86154
6526;86156
6527;86157
6528;86159
6529;86161
6530;86163
6531;86165
6532;86167
6533;86169
6534;86179
6535;86199
6536;86316
6537;86343
6538;86356
6539;86368
6540;86381
6541;86391
6542;86399
6543;86405
6544;86415
6545;86420
6546;86424
6547;86438
6548;86441
6549;86444
6550;86447
6551;86450
6552;86453
6553;86456
6554;86459
6555;86462
6556;86465
6557;86470
6558;86473
6559;86476
6560;86477
6561;86479
6562;86480
6563;86482
6564;86483
6565;86485
6566;86486
6567;86488
6568;86489
6569;86491
6570;86492
6571;86494
6572;86495
6573;86497
6574;86498
6575;86500
6576;86502
6577;86504
6578;86505
6579;86507
6580;86508
6581;86510
6582;86511
6583;86513
6584;86514
6585;86517
6586;86519
6587;86529
6588;86551
6589;86554
6590;86556
6591;86558
6592;86559
6593;86561
6594;86562
6595;86564
6596;86565
6597;86567
6598;86568
6599;86570
6600;86571
6601;86573
6602;86574
6603;86576
6604;86577
6605;86579
6606;86609
6607;86633
6608;86637
6609;86641
6610;86643
6611;86647
6612;86650
6613;86653
6614;86655
6615;86657
6616;86660
6617;86663
6618;86666
6619;86668
6620;86669
6621;86672
6622;86673
6623;86674
6624;86675
6625;86676
6626;86678
6627;86679
6628;86681
6629;86682
6630;86684
6631;86685
6632;86687
6633;86688
6634;86690
6635;86692
6636;86694
6637;86695
6638;86697
6639;86698
6640;86700
6641;86701
6642;86703
6643;86704
6644;86706
6645;86707
6646;86709
6647;86720
6648;86732
6649;86733
6650;86735
6651;86736
6652;86738
6653;86739
6654;86741
6655;86742
6656;86744
6657;86745
6658;86747
6659;86748
6660;86750
6661;86751
6662;86753
6663;86754
6664;86756
6665;86757
6666;86759
6667;86807
6668;86825
6669;86830
6670;86833
6671;86836
6672;86842
6673;86845
6674;86850
6675;86853
6676;86854
6677;86856
6678;86857
6679;86859
6680;86860
6681;86862
6682;86863
6683;86865
6684;86866
6685;86868
6686;86869
6687;86871
6688;86872
6689;86874
6690;86875
6691;86877
6692;86879
6693;86899
6694;86911
6695;86916
6696;86919
6697;86920
6698;86922
6699;86923
6700;86925
6701;86926
6702;86928
6703;86929
6704;86931
6705;86932
6706;86934
6707;86935
6708;86937
6709;86938
6710;86940
6711;86941
6712;86943
6713;86944
6714;86946
6715;86947
6716;86949
6717;86956
6718;86971
6719;86972
6720;86974
6721;86975
6722;86977
6723;86978
6724;86980
6725;86981
6726;86983
6727;86984
6728;86986
6729;86987
6730;86989
6731;87435
6732;87437
6733;87439
6734;87448
6735;87452
6736;87459
6737;87463
6738;87466
6739;87471
6740;87474
6741;87477
6742;87480
6743;87484
6744;87487
6745;87488
6746;87490
6747;87493
6748;87494
6749;87496
6750;87497
6751;87499
6752;87509
6753;87527
6754;87534
6755;87538
6756;87541
6757;87544
6758;87545
6759;87547
6760;87549
6761;87561
6762;87600
6763;87616
6764;87629
6765;87634
6766;87637
6767;87640
6768;87642
6769;87645
6770;87647
6771;87648
6772;87650
6773;87651
6774;87653
6775;87654
6776;87656
6777;87657
6778;87659
6779;87660
6780;87662
6781;87663
6782;87665
6783;87666
6784;87668
6785;87669
6786;87671
6787;87672
6788;87674
6789;87675
6790;87677
6791;87679
6792;87700
6793;87719
6794;87724
6795;87727
6796;87730
6797;87733
6798;87734
6799;87736
6800;87737
6801;87739
6802;87740
6803;87742
6804;87743
6805;87745
6806;87746
6807;87748
6808;87749
6809;87751
6810;87752
6811;87754
6812;87755
6813;87757
6814;87758
6815;87760
6816;87761
6817;87763
6818;87764
6819;87766
6820;87767
6821;87769
6822;87770
6823;87772
6824;87773
6825;87775
6826;87776
6827;87778
6828;87779
6829;87781
6830;87782
6831;87784
6832;87785
6833;87787
6834;87789
6835;88045
6836;88046
6837;88048
6838;88069
6839;88074
6840;88079
6841;88085
6842;88090
6843;88094
6844;88097
6845;88099
6846;88131
6847;88138
6848;88142
6849;88145
6850;88147
6851;88149
6852;88161
6853;88167
6854;88171
6855;88175
6856;88178
6857;88179
6858;88212
6859;88213
6860;88214
6861;88239
6862;88250
6863;88255
6864;88260
6865;88263
6866;88267
6867;88271
6868;88273
6869;88276
6870;88279
6871;88281
6872;88284
6873;88285
6874;88287
6875;88289
6876;88299
6877;88316
6878;88317
6879;88319
6880;88326
6881;88339
6882;88348
6883;88353
6884;88356
6885;88361
6886;88364
6887;88367
6888;88368
6889;88370
6890;88371
6891;88373
6892;88374
6893;88376
6894;88377
6895;88379
6896;88400
6897;88410
6898;88416
6899;88422
6900;88427
6901;88430
6902;88433
6903;88436
6904;88437
6905;88441
6906;88444
6907;88447
6908;88448
6909;88450
6910;88451
6911;88453
6912;88454
6913;88456
6914;88457
6915;88459
6916;88471
6917;88477
6918;88480
6919;88481
6920;88483
6921;88484
6922;88486
6923;88487
6924;88489
6925;88499
6926;88512
6927;88515
6928;88518
6929;88521
6930;88524
6931;88525
6932;88527
6933;88529
6934;88605
6935;88630
6936;88631
6937;88633
6938;88634
6939;88636
6940;88637
6941;88639
6942;88662
6943;88677
6944;88682
6945;88690
6946;88693
6947;88696
6948;88697
6949;88699
6950;88709
6951;88718
6952;88719
6953;89073
6954;89075
6955;89077
6956;89079
6957;89081
6958;89129
6959;89134
6960;89143
6961;89150
6962;89155
6963;89160
6964;89165
6965;89168
6966;89171
6967;89173
6968;89174
6969;89176
6970;89177
6971;89179
6972;89180
6973;89182
6974;89183
6975;89185
6976;89186
6977;89188
6978;89189
6979;89191
6980;89192
6981;89194
6982;89195
6983;89197
6984;89198
6985;89231
6986;89233
6987;89250
6988;89257
6989;89264
6990;89269
6991;89275
6992;89278
6993;89281
6994;89284
6995;89287
6996;89290
6997;89291
6998;89293
6999;89294
7000;89296
7001;89297
7002;89299
7003;89312
7004;89331
7005;89335
7006;89340
7007;89343
7008;89344
7009;89346
7010;89347
7011;89349
7012;89350
7013;89352
7014;89353
7015;89355
7016;89356
7017;89358
7018;89359
7019;89361
7020;89362
7021;89364
7022;89365
7023;89367
7024;89368
7025;89407
7026;89415
7027;89420
7028;89423
7029;89426
7030;89428
7031;89429
7032;89431
7033;89434
7034;89435
7035;89437
7036;89438
7037;89440
7038;89441
7039;89443
7040;89446
7041;89447
7042;89518
7043;89520
7044;89522
7045;89537
7046;89542
7047;89547
7048;89551
7049;89555
7050;89558
7051;89561
7052;89564
7053;89567
7054;89568
7055;89584
7056;89597
7057;89601
7058;89604
7059;89605
7060;89607
7061;89608
7062;89610
7063;89611
7064;89613
7065;89614
7066;89616
7067;89617
7068;89619
7069;90402
7070;90403
7071;90408
7072;90409
7073;90411
7074;90419
7075;90425
7076;90427
7077;90429
7078;90431
7079;90439
7080;90441
7081;90443
7082;90449
7083;90451
7084;90453
7085;90455
7086;90459
7087;90461
7088;90469
7089;90471
7090;90473
7091;90475
7092;90478
7093;90480
7094;90482
7095;90489
7096;90491
7097;90513
7098;90518
7099;90522
7100;90530
7101;90537
7102;90542
7103;90547
7104;90552
7105;90556
7106;90559
7107;90562
7108;90571
7109;90574
7110;90579
7111;90584
7112;90587
7113;90592
7114;90596
7115;90599
7116;90602
7117;90607
7118;90610
7119;90613
7120;90614
7121;90616
7122;90617
7123;90619
7124;90762
7125;90763
7126;90765
7127;90766
7128;90768
7129;91052
7130;91054
7131;91056
7132;91058
7133;91074
7134;91077
7135;91080
7136;91083
7137;91085
7138;91086
7139;91088
7140;91090
7141;91091
7142;91093
7143;91094
7144;91096
7145;91097
7146;91099
7147;91126
7148;91154
7149;91161
7150;91166
7151;91171
7152;91174
7153;91177
7154;91180
7155;91183
7156;91186
7157;91187
7158;91189
7159;91207
7160;91217
7161;91220
7162;91224
7163;91227
7164;91230
7165;91233
7166;91235
7167;91236
7168;91238
7169;91239
7170;91241
7171;91242
7172;91244
7173;91245
7174;91247
7175;91249
7176;91257
7177;91275
7178;91278
7179;91281
7180;91282
7181;91284
7182;91286
7183;91287
7184;91289
7185;91301
7186;91315
7187;91320
7188;91322
7189;91325
7190;91327
7191;91330
7192;91332
7193;91334
7194;91336
7195;91338
7196;91341
7197;91344
7198;91346
7199;91347
7200;91349
7201;91350
7202;91352
7203;91353
7204;91355
7205;91356
7206;91358
7207;91359
7208;91361
7209;91362
7210;91364
7211;91365
7212;91367
7213;91369
7214;91413
7215;91438
7216;91443
7217;91448
7218;91452
7219;91456
7220;91459
7221;91460
7222;91462
7223;91463
7224;91465
7225;91466
7226;91468
7227;91469
7228;91471
7229;91472
7230;91474
7231;91475
7232;91477
7233;91478
7234;91480
7235;91481
7236;91483
7237;91484
7238;91486
7239;91487
7240;91489
7241;91522
7242;91541
7243;91550
7244;91555
7245;91560
7246;91564
7247;91567
7248;91572
7249;91575
7250;91578
7251;91580
7252;91583
7253;91586
7254;91587
7255;91589
7256;91590
7257;91592
7258;91593
7259;91595
7260;91596
7261;91598
7262;91599
7263;91601
7264;91602
7265;91604
7266;91605
7267;91607
7268;91608
7269;91610
7270;91611
7271;91613
7272;91614
7273;91616
7274;91617
7275;91619
7276;91620
7277;91622
7278;91623
7279;91625
7280;91626
7281;91628
7282;91629
7283;91631
7284;91632
7285;91634
7286;91635
7287;91637
7288;91639
7289;91710
7290;91717
7291;91719
7292;91720
7293;91722
7294;91723
7295;91725
7296;91726
7297;91728
7298;91729
7299;91731
7300;91732
7301;91734
7302;91735
7303;91737
7304;91738
7305;91740
7306;91741
7307;91743
7308;91744
7309;91746
7310;91747
7311;91749
7312;91757
7313;91781
7314;91785
7315;91788
7316;91790
7317;91792
7318;91793
7319;91795
7320;91796
7321;91798
7322;91799
7323;91801
7324;91802
7325;91804
7326;91805
7327;91807
7328;91809
7329;92224
7330;92237
7331;92242
7332;92245
7333;92249
7334;92253
7335;92256
7336;92259
7337;92260
7338;92262
7339;92263
7340;92265
7341;92266
7342;92268
7343;92269
7344;92271
7345;92272
7346;92274
7347;92275
7348;92277
7349;92278
7350;92280
7351;92281
7352;92283
7353;92284
7354;92286
7355;92287
7356;92289
7357;92318
7358;92331
7359;92334
7360;92339
7361;92342
7362;92345
7363;92348
7364;92353
7365;92355
7366;92358
7367;92360
7368;92361
7369;92363
7370;92364
7371;92366
7372;92367
7373;92369
7374;92421
7375;92431
7376;92436
7377;92439
7378;92442
7379;92444
7380;92445
7381;92447
7382;92449
7383;92507
7384;92521
7385;92526
7386;92533
7387;92536
7388;92539
7389;92540
7390;92542
7391;92543
7392;92545
7393;92546
7394;92548
7395;92549
7396;92551
7397;92552
7398;92554
7399;92555
7400;92557
7401;92559
7402;92637
7403;92648
7404;92655
7405;92660
7406;92665
7407;92670
7408;92676
7409;92681
7410;92685
7411;92690
7412;92693
7413;92694
7414;92696
7415;92697
7416;92699
7417;92700
7418;92702
7419;92703
7420;92705
7421;92706
7422;92708
7423;92709
7424;92711
7425;92712
7426;92714
7427;92715
7428;92717
7429;92718
7430;92720
7431;92721
7432;92723
7433;92724
7434;92726
7435;92727
7436;92729
7437;93047
7438;93049
7439;93051
7440;93053
7441;93055
7442;93057
7443;93059
7444;93073
7445;93077
7446;93080
7447;93083
7448;93086
7449;93087
7450;93089
7451;93090
7452;93092
7453;93093
7454;93095
7455;93096
7456;93098
7457;93099
7458;93101
7459;93102
7460;93104
7461;93105
7462;93107
7463;93109
7464;93128
7465;93133
7466;93138
7467;93142
7468;93149
7469;93152
7470;93155
7471;93158
7472;93161
7473;93164
7474;93167
7475;93170
7476;93173
7477;93176
7478;93177
7479;93179
7480;93180
7481;93182
7482;93183
7483;93185
7484;93186
7485;93188
7486;93189
7487;93191
7488;93192
7489;93194
7490;93195
7491;93197
7492;93199
7493;93309
7494;93326
7495;93333
7496;93336
7497;93339
7498;93342
7499;93343
7500;93345
7501;93346
7502;93348
7503;93349
7504;93351
7505;93352
7506;93354
7507;93356
7508;93358
7509;93359
7510;93413
7511;93426
7512;93437
7513;93444
7514;93449
7515;93453
7516;93455
7517;93458
7518;93462
7519;93464
7520;93466
7521;93468
7522;93470
7523;93471
7524;93473
7525;93474
7526;93476
7527;93477
7528;93479
7529;93480
7530;93482
7531;93483
7532;93485
7533;93486
7534;93488
7535;93489
7536;93491
7537;93492
7538;93494
7539;93495
7540;93497
7541;93499
7542;94032
7543;94034
7544;94036
7545;94051
7546;94060
7547;94065
7548;94072
7549;94078
7550;94081
7551;94086
7552;94089
7553;94094
7554;94099
7555;94104
7556;94107
7557;94110
7558;94113
7559;94116
7560;94118
7561;94121
7562;94124
7563;94127
7564;94130
7565;94133
7566;94136
7567;94137
7568;94139
7569;94140
7570;94142
7571;94143
7572;94145
7573;94146
7574;94148
7575;94149
7576;94151
7577;94152
7578;94154
7579;94155
7580;94157
7581;94158
7582;94160
7583;94161
7584;94163
7585;94164
7586;94166
7587;94167
7588;94169
7589;94209
7590;94227
7591;94234
7592;94239
7593;94244
7594;94249
7595;94250
7596;94252
7597;94253
7598;94255
7599;94256
7600;94258
7601;94259
7602;94261
7603;94262
7604;94264
7605;94265
7606;94267
7607;94269
7608;94315
7609;94327
7610;94330
7611;94333
7612;94336
7613;94339
7614;94342
7615;94344
7616;94345
7617;94347
7618;94348
7619;94350
7620;94351
7621;94353
7622;94354
7623;94356
7624;94357
7625;94359
7626;94360
7627;94362
7628;94363
7629;94365
7630;94366
7631;94368
7632;94369
7633;94371
7634;94372
7635;94374
7636;94375
7637;94377
7638;94379
7639;94405
7640;94419
7641;94424
7642;94428
7643;94431
7644;94436
7645;94437
7646;94439
7647;94447
7648;94469
7649;94474
7650;94481
7651;94486
7652;94491
7653;94496
7654;94501
7655;94505
7656;94508
7657;94513
7658;94518
7659;94522
7660;94526
7661;94527
7662;94529
7663;94530
7664;94532
7665;94533
7666;94535
7667;94536
7668;94538
7669;94539
7670;94541
7671;94542
7672;94544
7673;94545
7674;94547
7675;94548
7676;94550
7677;94551
7678;94553
7679;94554
7680;94556
7681;94557
7682;94559
7683;94560
7684;94562
7685;94563
7686;94565
7687;94566
7688;94568
7689;94569
7690;94571
7691;94572
7692;94574
7693;94575
7694;94577
7695;94579
7696;95028
7697;95030
7698;95032
7699;95100
7700;95111
7701;95119
7702;95126
7703;95131
7704;95138
7705;95145
7706;95152
7707;95158
7708;95163
7709;95168
7710;95173
7711;95176
7712;95179
7713;95180
7714;95182
7715;95183
7716;95185
7717;95186
7718;95188
7719;95189
7720;95191
7721;95192
7722;95194
7723;95195
7724;95197
7725;95199
7726;95213
7727;95233
7728;95234
7729;95236
7730;95237
7731;95239
7732;95326
7733;95336
7734;95339
7735;95346
7736;95349
7737;95352
7738;95355
7739;95356
7740;95358
7741;95359
7742;95361
7743;95362
7744;95364
7745;95365
7746;95367
7747;95369
7748;95444
7749;95445
7750;95447
7751;95448
7752;95460
7753;95463
7754;95466
7755;95469
7756;95473
7757;95478
7758;95482
7759;95485
7760;95488
7761;95490
7762;95491
7763;95493
7764;95494
7765;95496
7766;95497
7767;95499
7768;95500
7769;95502
7770;95503
7771;95505
7772;95506
7773;95508
7774;95509
7775;95511
7776;95512
7777;95514
7778;95515
7779;95517
7780;95519
7781;95615
7782;95632
7783;95643
7784;95652
7785;95659
7786;95666
7787;95671
7788;95676
7789;95679
7790;95680
7791;95682
7792;95683
7793;95685
7794;95686
7795;95688
7796;95689
7797;95691
7798;95692
7799;95694
7800;95695
7801;95697
7802;95698
7803;95700
7804;95701
7805;95703
7806;95704
7807;95706
7808;95707
7809;95709
7810;96047
7811;96049
7812;96050
7813;96052
7814;96103
7815;96106
7816;96110
7817;96114
7818;96117
7819;96120
7820;96123
7821;96126
7822;96129
7823;96132
7824;96135
7825;96138
7826;96142
7827;96145
7828;96146
7829;96148
7830;96149
7831;96151
7832;96152
7833;96154
7834;96155
7835;96157
7836;96158
7837;96160
7838;96161
7839;96163
7840;96164
7841;96166
7842;96167
7843;96169
7844;96170
7845;96172
7846;96173
7847;96175
7848;96176
7849;96178
7850;96179
7851;96181
7852;96182
7853;96184
7854;96185
7855;96187
7856;96188
7857;96190
7858;96191
7859;96193
7860;96194
7861;96196
7862;96197
7863;96199
7864;96215
7865;96224
7866;96231
7867;96237
7868;96242
7869;96247
7870;96250
7871;96253
7872;96257
7873;96260
7874;96264
7875;96268
7876;96269
7877;96271
7878;96272
7879;96274
7880;96275
7881;96277
7882;96279
7883;96317
7884;96328
7885;96332
7886;96337
7887;96342
7888;96346
7889;96349
7890;96352
7891;96355
7892;96358
7893;96361
7894;96364
7895;96365
7896;96367
7897;96369
7898;96450
7899;96465
7900;96472
7901;96476
7902;96479
7903;96482
7904;96484
7905;96486
7906;96487
7907;96489
7908;96515
7909;96523
7910;96524
7911;96528
7912;96529
7913;97070
7914;97072
7915;97074
7916;97076
7917;97078
7918;97080
7919;97082
7920;97084
7921;97199
7922;97204
7923;97209
7924;97215
7925;97218
7926;97222
7927;97225
7928;97228
7929;97230
7930;97232
7931;97234
7932;97236
7933;97237
7934;97239
7935;97241
7936;97243
7937;97244
7938;97246
7939;97247
7940;97249
7941;97250
7942;97252
7943;97253
7944;97255
7945;97256
7946;97258
7947;97259
7948;97261
7949;97262
7950;97264
7951;97265
7952;97267
7953;97268
7954;97270
7955;97271
7956;97273
7957;97274
7958;97276
7959;97277
7960;97279
7961;97280
7962;97282
7963;97283
7964;97285
7965;97286
7966;97288
7967;97289
7968;97291
7969;97292
7970;97294
7971;97295
7972;97297
7973;97299
7974;97318
7975;97320
7976;97332
7977;97334
7978;97337
7979;97340
7980;97342
7981;97346
7982;97348
7983;97350
7984;97353
7985;97355
7986;97357
7987;97359
7988;97421
7989;97422
7990;97424
7991;97437
7992;97440
7993;97447
7994;97450
7995;97453
7996;97456
7997;97461
7998;97464
7999;97469
8000;97475
8001;97478
8002;97483
8003;97486
8004;97488
8005;97490
8006;97491
8007;97493
8008;97494
8009;97496
8010;97497
8011;97499
8012;97500
8013;97502
8014;97503
8015;97505
8016;97506
8017;97508
8018;97509
8019;97511
8020;97513
8021;97514
8022;97516
8023;97517
8024;97519
8025;97520
8026;97522
8027;97523
8028;97525
8029;97526
8030;97528
8031;97529
8032;97531
8033;97532
8034;97534
8035;97535
8036;97537
8037;97539
8038;97616
8039;97618
8040;97631
8041;97633
8042;97638
8043;97640
8044;97645
8045;97647
8046;97650
8047;97653
8048;97654
8049;97656
8050;97657
8051;97659
8052;97688
8053;97702
8054;97705
8055;97708
8056;97711
8057;97714
8058;97717
8059;97720
8060;97723
8061;97724
8062;97725
8063;97727
8064;97729
8065;97737
8066;97753
8067;97762
8068;97769
8069;97772
8070;97773
8071;97775
8072;97776
8073;97778
8074;97779
8075;97780
8076;97782
8077;97783
8078;97785
8079;97786
8080;97788
8081;97789
8082;97791
8083;97792
8084;97794
8085;97795
8086;97797
8087;97799
8088;97816
8089;97828
8090;97833
8091;97834
8092;97836
8093;97837
8094;97839
8095;97840
8096;97842
8097;97843
8098;97845
8099;97846
8100;97848
8101;97849
8102;97851
8103;97852
8104;97854
8105;97855
8106;97857
8107;97859
8108;97877
8109;97892
8110;97896
8111;97900
8112;97901
8113;97903
8114;97904
8115;97906
8116;97907
8117;97909
8118;97922
8119;97941
8120;97944
8121;97947
8122;97950
8123;97953
8124;97956
8125;97957
8126;97959
8127;97980
8128;97990
8129;97993
8130;97996
8131;97999
8132;98527
8133;98528
8134;98529
8135;98530
8136;98544
8137;98547
8138;98553
8139;98554
8140;98559
8141;98574
8142;98587
8143;98590
8144;98593
8145;98596
8146;98597
8147;98599
8148;98617
8149;98631
8150;98634
8151;98639
8152;98646
8153;98660
8154;98663
8155;98666
8156;98667
8157;98669
8158;98673
8159;98678
8160;98693
8161;98701
8162;98704
8163;98708
8164;98711
8165;98714
8166;98716
8167;98724
8168;98739
8169;98743
8170;98744
8171;98746
8172;98749
8173;99084
8174;99085
8175;99086
8176;99087
8177;99089
8178;99091
8179;99092
8180;99094
8181;99096
8182;99097
8183;99098
8184;99099
8185;99100
8186;99102
8187;99189
8188;99192
8189;99195
8190;99198
8191;99310
8192;99326
8193;99330
8194;99334
8195;99338
8196;99423
8197;99425
8198;99427
8199;99428
8200;99438
8201;99439
8202;99441
8203;99444
8204;99448
8205;99510
8206;99518
8207;99610
8208;99625
8209;99628
8210;99631
8211;99634
8212;99636
8213;99638
8214;99706
8215;99713
8216;99718
8217;99734
8218;99735
8219;99752
8220;99755
8221;99759
8222;99762
8223;99765
8224;99768
8225;99817
8226;99819
8227;99826
8228;99830
8229;99831
8230;99834
8231;99837
8232;99842
8233;99843
8234;99846
8235;99848
8236;99867
8237;99869
8238;99880
8239;99885
8240;99887
8241;99891
8242;99894
8243;99897
8244;99898
8245;99947
8246;99955
8247;99958
8248;99974
8249;99976
8250;99986
8251;99988
8252;99991
8253;99994
8254;99996
8255;99998
